customer_id,age,sex,marital_status,job,employment_duration,housing,guarantors,num_dependants,checking_status,savings_status,amount,duration,purpose,credit_history,installment_rate,risk_label
1,67,male,single,skilled employee,> 7 years,own,none,1,< 0 DM,unknown/no savings,1169,6,radio/television,critical account/other credits existing (outside this bank),4.0,0
2,22,female,non-single/single,skilled employee,1 - 4 years,own,none,1,0 - 200 DM,< 100 DM,5951,48,radio/television,existing credits paid back duly,2.0,1
3,49,male,single,unskilled employee,4 - 7 years,own,none,2,no account,< 100 DM,2096,12,education,critical account/other credits existing (outside this bank),2.0,0
4,45,male,single,skilled employee,4 - 7 years,for free,gurantor,2,< 0 DM,< 100 DM,7882,42,furniture/equipment,existing credits paid back duly,2.0,0
5,53,male,single,skilled employee,1 - 4 years,for free,none,2,< 0 DM,< 100 DM,4870,24,car (new),delay paying off in the past,3.0,1
6,35,male,single,unskilled employee,1 - 4 years,for free,none,2,no account,unknown/no savings,9055,36,education,existing credits paid back duly,2.0,0
7,53,male,single,skilled employee,> 7 years,own,none,1,no account,"500 - 1,000 DM",2835,24,furniture/equipment,existing credits paid back duly,3.0,0
8,35,male,single,highly skilled employee,1 - 4 years,rent,none,1,0 - 200 DM,< 100 DM,6948,36,car (used),existing credits paid back duly,2.0,0
9,61,male,divorved/separated,unskilled employee,4 - 7 years,own,none,1,no account,"> 1,000 DM",3059,12,radio/television,existing credits paid back duly,2.0,0
10,28,male,married/widowed,highly skilled employee,unemployed,own,none,1,0 - 200 DM,< 100 DM,5234,30,car (new),critical account/other credits existing (outside this bank),4.0,1
11,25,female,non-single/single,skilled employee,< 1 year,rent,none,1,0 - 200 DM,< 100 DM,1295,12,car (new),existing credits paid back duly,3.0,1
12,24,female,non-single/single,skilled employee,< 1 year,rent,none,1,< 0 DM,< 100 DM,4308,48,business,existing credits paid back duly,3.0,1
13,22,female,non-single/single,skilled employee,1 - 4 years,own,none,1,0 - 200 DM,< 100 DM,1567,12,radio/television,existing credits paid back duly,1.0,0
14,60,male,single,unskilled employee,> 7 years,own,none,1,< 0 DM,< 100 DM,1199,24,car (new),critical account/other credits existing (outside this bank),4.0,1
15,28,female,non-single/single,skilled employee,1 - 4 years,rent,none,1,< 0 DM,< 100 DM,1403,15,car (new),existing credits paid back duly,2.0,0
16,32,female,non-single/single,unskilled employee,1 - 4 years,own,none,1,< 0 DM,100 - 500 DM,1282,24,radio/television,existing credits paid back duly,4.0,1
17,53,male,single,skilled employee,> 7 years,own,none,1,no account,unknown/no savings,2424,24,radio/television,critical account/other credits existing (outside this bank),4.0,0
18,25,male,single,skilled employee,< 1 year,own,none,1,< 0 DM,unknown/no savings,8072,30,business,no credits/paid back duly,2.0,0
19,44,female,non-single/single,highly skilled employee,> 7 years,for free,none,1,0 - 200 DM,< 100 DM,12579,24,car (used),existing credits paid back duly,4.0,1
20,31,male,single,skilled employee,> 7 years,own,none,2,no account,"500 - 1,000 DM",3430,24,radio/television,existing credits paid back duly,3.0,0
21,48,male,single,skilled employee,1 - 4 years,own,none,1,no account,< 100 DM,2134,9,car (new),critical account/other credits existing (outside this bank),4.0,0
22,44,male,single,skilled employee,1 - 4 years,rent,none,2,< 0 DM,"500 - 1,000 DM",2647,6,radio/television,existing credits paid back duly,2.0,0
23,48,male,single,unskilled employee,< 1 year,rent,none,2,< 0 DM,< 100 DM,2241,10,car (new),critical account/other credits existing (outside this bank),1.0,0
24,44,male,single,skilled employee,< 1 year,own,none,1,0 - 200 DM,100 - 500 DM,1804,12,car (used),critical account/other credits existing (outside this bank),3.0,0
25,26,male,married/widowed,skilled employee,1 - 4 years,own,none,1,no account,unknown/no savings,2069,10,furniture/equipment,critical account/other credits existing (outside this bank),2.0,0
26,36,male,single,unskilled employee,1 - 4 years,own,none,1,< 0 DM,< 100 DM,1374,6,furniture/equipment,existing credits paid back duly,1.0,0
27,39,male,married/widowed,unskilled employee,> 7 years,own,none,1,no account,< 100 DM,426,6,radio/television,no credits/paid back duly,4.0,0
28,42,female,non-single/single,skilled employee,1 - 4 years,rent,none,1,>= 200 DM,"> 1,000 DM",409,12,radio/television,all credits at this bank paid back duly,3.0,0
29,34,male,single,skilled employee,1 - 4 years,own,gurantor,1,0 - 200 DM,< 100 DM,2415,7,radio/television,existing credits paid back duly,3.0,0
30,63,male,single,skilled employee,> 7 years,own,none,1,< 0 DM,< 100 DM,6836,60,business,delay paying off in the past,3.0,1
31,36,male,married/widowed,skilled employee,< 1 year,own,none,1,0 - 200 DM,"> 1,000 DM",1913,18,business,existing credits paid back duly,3.0,0
32,27,male,single,skilled employee,1 - 4 years,own,none,1,< 0 DM,< 100 DM,4020,24,furniture/equipment,existing credits paid back duly,2.0,0
33,30,male,single,skilled employee,1 - 4 years,own,none,1,0 - 200 DM,100 - 500 DM,5866,18,car (new),existing credits paid back duly,2.0,0
34,57,male,single,unskilled employee,> 7 years,rent,none,1,no account,unknown/no savings,1264,12,business,critical account/other credits existing (outside this bank),4.0,0
35,33,female,non-single/single,highly skilled employee,< 1 year,own,none,1,>= 200 DM,< 100 DM,1474,12,furniture/equipment,existing credits paid back duly,4.0,0
36,25,male,single,unskilled employee,< 1 year,own,none,1,0 - 200 DM,< 100 DM,4746,45,radio/television,critical account/other credits existing (outside this bank),4.0,1
37,31,male,single,skilled employee,1 - 4 years,for free,none,1,no account,< 100 DM,6110,48,education,critical account/other credits existing (outside this bank),1.0,0
38,37,male,single,skilled employee,1 - 4 years,own,co-applicant,1,>= 200 DM,< 100 DM,2100,18,radio/television,existing credits paid back duly,4.0,1
39,37,male,single,skilled employee,1 - 4 years,own,none,1,>= 200 DM,< 100 DM,1225,10,domestic appliance,existing credits paid back duly,2.0,0
40,24,male,single,skilled employee,1 - 4 years,own,none,1,0 - 200 DM,< 100 DM,458,9,radio/television,existing credits paid back duly,4.0,0
41,30,male,single,highly skilled employee,> 7 years,own,none,1,no account,"500 - 1,000 DM",2333,30,radio/television,existing credits paid back duly,4.0,0
42,26,male,divorved/separated,skilled employee,1 - 4 years,own,none,1,0 - 200 DM,"500 - 1,000 DM",1158,12,radio/television,existing credits paid back duly,3.0,0
43,44,male,single,unskilled employee,1 - 4 years,own,none,2,0 - 200 DM,< 100 DM,6204,18,repairs,delay paying off in the past,2.0,0
44,24,male,married/widowed,skilled employee,4 - 7 years,rent,none,1,< 0 DM,100 - 500 DM,6187,30,car (used),critical account/other credits existing (outside this bank),1.0,0
45,58,female,non-single/single,unskilled employee,> 7 years,for free,none,1,< 0 DM,< 100 DM,6143,48,car (used),critical account/other credits existing (outside this bank),4.0,1
46,35,female,non-single/single,highly skilled employee,< 1 year,own,none,1,no account,< 100 DM,1393,11,car (new),critical account/other credits existing (outside this bank),4.0,0
47,39,male,single,skilled employee,> 7 years,own,none,1,no account,"500 - 1,000 DM",2299,36,radio/television,existing credits paid back duly,4.0,0
48,23,female,non-single/single,unemployed,unemployed,rent,none,1,< 0 DM,"500 - 1,000 DM",1352,6,car (used),existing credits paid back duly,1.0,0
49,39,male,single,unskilled employee,1 - 4 years,own,none,1,no account,< 100 DM,7228,11,car (new),critical account/other credits existing (outside this bank),1.0,0
50,28,female,non-single/single,skilled employee,1 - 4 years,own,co-applicant,1,no account,100 - 500 DM,2073,12,radio/television,existing credits paid back duly,4.0,0
51,29,male,single,unskilled employee,< 1 year,own,none,1,0 - 200 DM,unknown/no savings,2333,24,furniture/equipment,delay paying off in the past,4.0,0
52,30,male,single,highly skilled employee,> 7 years,own,none,1,0 - 200 DM,< 100 DM,5965,27,car (used),delay paying off in the past,1.0,0
53,25,male,single,skilled employee,1 - 4 years,own,none,1,no account,< 100 DM,1262,12,radio/television,existing credits paid back duly,3.0,0
54,31,male,single,skilled employee,1 - 4 years,own,none,1,no account,unknown/no savings,3378,18,car (used),existing credits paid back duly,2.0,0
55,57,male,single,skilled employee,> 7 years,for free,none,1,0 - 200 DM,< 100 DM,2225,36,car (new),delay paying off in the past,4.0,1
56,26,male,single,unskilled employee,1 - 4 years,own,gurantor,2,no account,unknown/no savings,783,6,car (new),all credits at this bank paid back duly,1.0,0
57,52,male,single,highly skilled employee,unemployed,own,none,1,0 - 200 DM,unknown/no savings,6468,12,radio/television,existing credits paid back duly,2.0,1
58,31,female,non-single/single,skilled employee,1 - 4 years,own,none,1,no account,< 100 DM,9566,36,radio/television,critical account/other credits existing (outside this bank),2.0,0
59,23,female,non-single/single,highly skilled employee,> 7 years,own,none,1,>= 200 DM,< 100 DM,1961,18,car (new),existing credits paid back duly,3.0,0
60,23,female,non-single/single,unskilled employee,< 1 year,rent,co-applicant,1,< 0 DM,< 100 DM,6229,36,furniture/equipment,critical account/other credits existing (outside this bank),4.0,1
61,27,male,married/widowed,skilled employee,1 - 4 years,own,none,1,0 - 200 DM,< 100 DM,1391,9,business,existing credits paid back duly,2.0,0
62,50,male,single,skilled employee,> 7 years,own,gurantor,1,0 - 200 DM,unknown/no savings,1537,15,radio/television,critical account/other credits existing (outside this bank),4.0,0
63,61,male,single,highly skilled employee,> 7 years,for free,none,1,0 - 200 DM,< 100 DM,1953,36,business,no credits/paid back duly,4.0,1
64,25,male,single,skilled employee,1 - 4 years,own,none,1,0 - 200 DM,< 100 DM,14421,48,business,no credits/paid back duly,2.0,1
65,26,female,non-single/single,skilled employee,< 1 year,own,none,1,no account,< 100 DM,3181,24,radio/television,existing credits paid back duly,4.0,0
66,48,male,single,skilled employee,> 7 years,own,none,2,no account,unknown/no savings,5190,27,repairs,existing credits paid back duly,4.0,0
67,29,female,non-single/single,skilled employee,< 1 year,own,none,1,no account,< 100 DM,2171,12,radio/television,existing credits paid back duly,2.0,0
68,22,male,married/widowed,skilled employee,1 - 4 years,own,none,1,0 - 200 DM,"> 1,000 DM",1007,12,car (new),existing credits paid back duly,4.0,0
69,37,male,single,skilled employee,1 - 4 years,for free,none,1,no account,< 100 DM,1819,36,education,existing credits paid back duly,4.0,1
70,25,female,non-single/single,skilled employee,1 - 4 years,own,none,1,no account,unknown/no savings,2394,36,radio/television,existing credits paid back duly,4.0,0
71,30,female,non-single/single,skilled employee,1 - 4 years,own,none,1,no account,< 100 DM,8133,36,car (used),existing credits paid back duly,1.0,0
72,46,male,single,unskilled employee,> 7 years,rent,none,1,no account,unknown/no savings,730,7,radio/television,critical account/other credits existing (outside this bank),4.0,0
73,51,male,single,highly skilled employee,> 7 years,for free,none,2,< 0 DM,< 100 DM,1164,8,other,critical account/other credits existing (outside this bank),3.0,0
74,41,female,non-single/single,unskilled employee,4 - 7 years,own,none,1,0 - 200 DM,< 100 DM,5954,42,business,critical account/other credits existing (outside this bank),2.0,0
75,40,male,single,highly skilled employee,> 7 years,own,none,1,< 0 DM,unknown/no savings,1977,36,education,existing credits paid back duly,4.0,1
76,66,male,single,highly skilled employee,> 7 years,for free,none,1,< 0 DM,< 100 DM,1526,12,car (used),critical account/other credits existing (outside this bank),4.0,0
77,34,male,single,skilled employee,< 1 year,own,none,1,< 0 DM,< 100 DM,3965,42,radio/television,existing credits paid back duly,4.0,1
78,51,male,single,skilled employee,4 - 7 years,own,none,1,0 - 200 DM,< 100 DM,4771,11,radio/television,delay paying off in the past,2.0,0
79,39,male,single,unskilled employee,1 - 4 years,own,none,2,no account,unknown/no savings,9436,54,car (used),no credits/paid back duly,2.0,0
80,22,male,married/widowed,skilled employee,< 1 year,own,none,1,0 - 200 DM,< 100 DM,3832,30,furniture/equipment,existing credits paid back duly,2.0,0
81,44,female,non-single/single,skilled employee,< 1 year,own,none,1,no account,unknown/no savings,5943,24,radio/television,existing credits paid back duly,1.0,1
82,47,male,single,skilled employee,> 7 years,own,none,1,no account,"500 - 1,000 DM",1213,15,radio/television,existing credits paid back duly,4.0,0
83,24,female,non-single/single,unskilled employee,1 - 4 years,rent,none,1,no account,100 - 500 DM,1568,18,business,existing credits paid back duly,3.0,0
84,58,female,non-single/single,unskilled employee,> 7 years,own,gurantor,1,< 0 DM,< 100 DM,1755,24,other,existing credits paid back duly,4.0,0
85,52,male,single,unskilled employee,> 7 years,own,none,1,< 0 DM,< 100 DM,2315,10,radio/television,existing credits paid back duly,3.0,0
86,29,female,non-single/single,highly skilled employee,1 - 4 years,own,gurantor,1,no account,< 100 DM,1412,12,business,critical account/other credits existing (outside this bank),4.0,0
87,27,female,non-single/single,skilled employee,< 1 year,own,none,1,0 - 200 DM,< 100 DM,1295,18,furniture/equipment,critical account/other credits existing (outside this bank),4.0,0
88,47,male,single,skilled employee,1 - 4 years,for free,none,2,0 - 200 DM,100 - 500 DM,12612,36,education,existing credits paid back duly,1.0,1
89,30,male,single,highly skilled employee,4 - 7 years,own,none,2,< 0 DM,100 - 500 DM,2249,18,car (new),existing credits paid back duly,4.0,0
90,28,male,single,skilled employee,4 - 7 years,own,none,1,< 0 DM,< 100 DM,1108,12,repairs,no credits/paid back duly,4.0,1
91,56,male,single,skilled employee,> 7 years,own,none,1,no account,< 100 DM,618,12,radio/television,critical account/other credits existing (outside this bank),4.0,0
92,54,male,single,skilled employee,> 7 years,own,none,1,< 0 DM,< 100 DM,1409,12,car (used),critical account/other credits existing (outside this bank),4.0,0
93,33,female,non-single/single,unskilled employee,> 7 years,own,none,2,no account,unknown/no savings,797,12,radio/television,critical account/other credits existing (outside this bank),4.0,1
94,20,male,single,skilled employee,> 7 years,rent,co-applicant,1,>= 200 DM,unknown/no savings,3617,24,furniture/equipment,critical account/other credits existing (outside this bank),4.0,0
95,54,male,single,skilled employee,> 7 years,own,none,1,0 - 200 DM,"> 1,000 DM",1318,12,car (new),existing credits paid back duly,4.0,0
96,58,male,single,skilled employee,< 1 year,rent,none,1,0 - 200 DM,< 100 DM,15945,54,business,no credits/paid back duly,3.0,1
97,61,female,non-single/single,skilled employee,4 - 7 years,own,none,1,no account,unknown/no savings,2012,12,education,critical account/other credits existing (outside this bank),4.0,0
98,34,male,single,skilled employee,1 - 4 years,own,none,1,0 - 200 DM,100 - 500 DM,2622,18,business,existing credits paid back duly,4.0,0
99,36,male,single,skilled employee,> 7 years,own,none,1,0 - 200 DM,< 100 DM,2337,36,radio/television,critical account/other credits existing (outside this bank),4.0,0
100,36,male,single,highly skilled employee,4 - 7 years,rent,none,2,0 - 200 DM,unknown/no savings,7057,20,car (used),delay paying off in the past,3.0,0
101,41,male,married/widowed,unskilled employee,> 7 years,rent,none,1,no account,100 - 500 DM,1469,24,car (new),existing credits paid back duly,4.0,0
102,24,male,single,skilled employee,4 - 7 years,rent,none,1,0 - 200 DM,< 100 DM,2323,36,radio/television,existing credits paid back duly,4.0,0
103,24,female,non-single/single,skilled employee,1 - 4 years,own,none,1,no account,< 100 DM,932,6,radio/television,delay paying off in the past,3.0,0
104,35,male,single,skilled employee,4 - 7 years,rent,none,1,0 - 200 DM,< 100 DM,1919,9,furniture/equipment,critical account/other credits existing (outside this bank),4.0,0
105,26,male,married/widowed,skilled employee,< 1 year,rent,none,1,no account,unknown/no savings,2445,12,car (used),existing credits paid back duly,2.0,0
106,39,male,single,highly skilled employee,1 - 4 years,own,co-applicant,2,0 - 200 DM,< 100 DM,11938,24,other,critical account/other credits existing (outside this bank),2.0,1
107,39,male,single,highly skilled employee,> 7 years,own,none,2,no account,< 100 DM,6458,18,car (new),all credits at this bank paid back duly,2.0,1
108,32,male,single,skilled employee,4 - 7 years,own,none,1,0 - 200 DM,< 100 DM,6078,12,car (new),existing credits paid back duly,2.0,0
109,30,female,non-single/single,skilled employee,< 1 year,own,none,1,< 0 DM,unknown/no savings,7721,24,furniture/equipment,existing credits paid back duly,1.0,0
110,35,male,married/widowed,skilled employee,> 7 years,own,none,1,0 - 200 DM,"500 - 1,000 DM",1410,14,business,existing credits paid back duly,1.0,0
111,31,male,divorved/separated,skilled employee,> 7 years,own,none,2,0 - 200 DM,100 - 500 DM,1449,6,business,delay paying off in the past,1.0,0
112,23,female,non-single/single,skilled employee,< 1 year,rent,none,1,>= 200 DM,< 100 DM,392,15,education,existing credits paid back duly,4.0,0
113,28,male,single,unskilled employee,4 - 7 years,rent,none,1,0 - 200 DM,< 100 DM,6260,18,car (new),existing credits paid back duly,3.0,0
114,25,female,non-single/single,skilled employee,1 - 4 years,own,none,1,no account,< 100 DM,7855,36,car (new),critical account/other credits existing (outside this bank),4.0,1
115,35,male,married/widowed,skilled employee,> 7 years,own,none,1,< 0 DM,"500 - 1,000 DM",1680,12,radio/television,existing credits paid back duly,3.0,0
116,47,male,single,skilled employee,> 7 years,own,none,1,no account,unknown/no savings,3578,48,radio/television,critical account/other credits existing (outside this bank),4.0,0
117,30,female,non-single/single,highly skilled employee,4 - 7 years,own,none,1,< 0 DM,unknown/no savings,7174,42,radio/television,existing credits paid back duly,4.0,1
118,27,female,non-single/single,skilled employee,< 1 year,rent,co-applicant,1,< 0 DM,unknown/no savings,2132,10,furniture/equipment,critical account/other credits existing (outside this bank),2.0,0
119,23,female,non-single/single,skilled employee,1 - 4 years,own,none,1,< 0 DM,"500 - 1,000 DM",4281,33,furniture/equipment,critical account/other credits existing (outside this bank),1.0,1
120,36,male,divorved/separated,highly skilled employee,4 - 7 years,own,none,1,0 - 200 DM,"500 - 1,000 DM",2366,12,car (new),critical account/other credits existing (outside this bank),3.0,0
121,25,female,non-single/single,skilled employee,1 - 4 years,own,none,1,< 0 DM,< 100 DM,1835,21,radio/television,existing credits paid back duly,3.0,1
122,41,female,non-single/single,highly skilled employee,> 7 years,rent,none,1,no account,< 100 DM,3868,24,car (used),critical account/other credits existing (outside this bank),4.0,0
123,24,male,single,unskilled employee,1 - 4 years,rent,none,1,no account,< 100 DM,1768,12,furniture/equipment,existing credits paid back duly,3.0,0
124,63,male,single,skilled employee,> 7 years,for free,none,1,>= 200 DM,< 100 DM,781,10,car (new),critical account/other credits existing (outside this bank),4.0,0
125,27,female,non-single/single,skilled employee,< 1 year,rent,none,1,0 - 200 DM,unknown/no savings,1924,18,furniture/equipment,existing credits paid back duly,4.0,1
126,30,male,single,skilled employee,1 - 4 years,own,none,1,< 0 DM,< 100 DM,2121,12,car (new),critical account/other credits existing (outside this bank),4.0,0
127,40,male,married/widowed,unskilled employee,1 - 4 years,own,none,1,< 0 DM,< 100 DM,701,12,radio/television,existing credits paid back duly,4.0,0
128,30,male,single,skilled employee,1 - 4 years,own,none,1,0 - 200 DM,< 100 DM,639,12,repairs,existing credits paid back duly,4.0,1
129,34,male,single,highly skilled employee,unemployed,own,none,1,0 - 200 DM,< 100 DM,1860,12,car (used),critical account/other credits existing (outside this bank),4.0,0
130,29,female,non-single/single,skilled employee,1 - 4 years,own,co-applicant,1,< 0 DM,< 100 DM,3499,12,car (new),critical account/other credits existing (outside this bank),3.0,1
131,24,female,non-single/single,skilled employee,4 - 7 years,own,none,1,0 - 200 DM,unknown/no savings,8487,48,car (new),existing credits paid back duly,1.0,0
132,29,male,single,skilled employee,1 - 4 years,own,none,1,< 0 DM,< 100 DM,6887,36,education,delay paying off in the past,4.0,1
133,27,male,single,unskilled employee,< 1 year,own,none,1,no account,< 100 DM,2708,15,furniture/equipment,existing credits paid back duly,2.0,0
134,47,male,single,skilled employee,1 - 4 years,for free,none,1,no account,< 100 DM,1984,18,furniture/equipment,existing credits paid back duly,4.0,0
135,21,female,non-single/single,skilled employee,4 - 7 years,own,none,1,no account,100 - 500 DM,10144,60,radio/television,existing credits paid back duly,2.0,0
136,38,female,non-single/single,skilled employee,> 7 years,own,none,1,no account,unknown/no savings,1240,12,radio/television,critical account/other credits existing (outside this bank),4.0,0
137,27,male,single,skilled employee,1 - 4 years,own,none,1,no account,"> 1,000 DM",8613,27,car (used),delay paying off in the past,2.0,0
138,66,male,single,unskilled employee,1 - 4 years,own,none,1,0 - 200 DM,"500 - 1,000 DM",766,12,radio/television,existing credits paid back duly,4.0,1
139,35,male,single,skilled employee,4 - 7 years,own,gurantor,1,0 - 200 DM,unknown/no savings,2728,15,radio/television,critical account/other credits existing (outside this bank),4.0,0
140,44,female,non-single/single,unskilled employee,1 - 4 years,rent,none,1,>= 200 DM,< 100 DM,1881,12,radio/television,existing credits paid back duly,2.0,0
141,27,male,married/widowed,unemployed,< 1 year,own,none,1,>= 200 DM,"> 1,000 DM",709,6,car (new),existing credits paid back duly,2.0,0
142,30,female,non-single/single,highly skilled employee,< 1 year,own,none,1,0 - 200 DM,< 100 DM,4795,36,radio/television,existing credits paid back duly,4.0,0
143,27,male,single,highly skilled employee,1 - 4 years,own,none,1,< 0 DM,< 100 DM,3416,27,radio/television,existing credits paid back duly,3.0,0
144,22,male,single,skilled employee,1 - 4 years,own,none,1,< 0 DM,< 100 DM,2462,18,furniture/equipment,existing credits paid back duly,2.0,1
145,23,female,non-single/single,skilled employee,< 1 year,own,none,1,no account,< 100 DM,2288,21,furniture/equipment,critical account/other credits existing (outside this bank),4.0,0
146,30,male,single,skilled employee,4 - 7 years,own,none,1,0 - 200 DM,100 - 500 DM,3566,48,business,all credits at this bank paid back duly,4.0,0
147,39,female,non-single/single,skilled employee,> 7 years,own,none,1,< 0 DM,< 100 DM,860,6,car (new),critical account/other credits existing (outside this bank),1.0,0
148,51,female,non-single/single,skilled employee,4 - 7 years,own,none,1,no account,100 - 500 DM,682,12,car (new),critical account/other credits existing (outside this bank),4.0,0
149,28,male,single,skilled employee,1 - 4 years,own,gurantor,1,< 0 DM,< 100 DM,5371,36,furniture/equipment,critical account/other credits existing (outside this bank),3.0,0
150,46,male,single,skilled employee,> 7 years,own,none,1,no account,"> 1,000 DM",1582,18,radio/television,critical account/other credits existing (outside this bank),4.0,0
151,42,male,single,skilled employee,> 7 years,for free,none,2,no account,100 - 500 DM,1346,6,radio/television,existing credits paid back duly,2.0,0
152,38,male,single,skilled employee,1 - 4 years,own,none,1,no account,< 100 DM,1924,10,radio/television,existing credits paid back duly,1.0,0
153,24,male,single,skilled employee,1 - 4 years,own,none,1,>= 200 DM,< 100 DM,5848,36,radio/television,existing credits paid back duly,4.0,0
154,29,female,non-single/single,skilled employee,> 7 years,rent,none,1,0 - 200 DM,"> 1,000 DM",7758,24,car (used),critical account/other credits existing (outside this bank),2.0,0
155,36,male,single,highly skilled employee,4 - 7 years,rent,none,1,0 - 200 DM,100 - 500 DM,6967,24,business,delay paying off in the past,4.0,0
156,20,female,non-single/single,skilled employee,1 - 4 years,rent,none,1,< 0 DM,< 100 DM,1282,12,furniture/equipment,existing credits paid back duly,2.0,1
157,48,male,single,skilled employee,> 7 years,own,gurantor,2,< 0 DM,100 - 500 DM,1288,9,repairs,critical account/other credits existing (outside this bank),3.0,0
158,45,male,married/widowed,unskilled employee,> 7 years,own,none,1,< 0 DM,< 100 DM,339,12,retraining,all credits at this bank paid back duly,4.0,0
159,38,male,single,skilled employee,4 - 7 years,own,none,1,0 - 200 DM,100 - 500 DM,3512,24,car (new),existing credits paid back duly,2.0,0
160,34,male,single,unskilled employee,1 - 4 years,own,none,2,no account,unknown/no savings,1898,6,radio/television,critical account/other credits existing (outside this bank),1.0,0
161,36,male,single,skilled employee,> 7 years,own,none,2,no account,100 - 500 DM,2872,24,radio/television,critical account/other credits existing (outside this bank),3.0,0
162,30,female,non-single/single,skilled employee,< 1 year,own,none,1,no account,< 100 DM,1055,18,car (new),critical account/other credits existing (outside this bank),4.0,0
163,36,male,single,skilled employee,4 - 7 years,own,none,1,no account,"500 - 1,000 DM",1262,15,domestic appliance,existing credits paid back duly,4.0,0
164,70,male,single,highly skilled employee,unemployed,for free,none,1,0 - 200 DM,< 100 DM,7308,10,car (new),existing credits paid back duly,2.0,0
165,36,male,single,skilled employee,> 7 years,own,none,1,no account,"500 - 1,000 DM",909,36,car (new),existing credits paid back duly,4.0,0
166,32,male,single,skilled employee,1 - 4 years,own,none,1,no account,"500 - 1,000 DM",2978,6,furniture/equipment,existing credits paid back duly,1.0,0
167,33,female,non-single/single,skilled employee,unemployed,own,none,1,< 0 DM,< 100 DM,1131,18,furniture/equipment,existing credits paid back duly,4.0,1
168,20,female,non-single/single,skilled employee,< 1 year,own,none,1,0 - 200 DM,"> 1,000 DM",1577,11,furniture/equipment,existing credits paid back duly,4.0,0
169,25,female,non-single/single,skilled employee,4 - 7 years,rent,none,1,no account,< 100 DM,3972,24,furniture/equipment,existing credits paid back duly,2.0,0
170,31,male,divorved/separated,skilled employee,> 7 years,own,none,1,0 - 200 DM,< 100 DM,1935,24,business,critical account/other credits existing (outside this bank),4.0,1
171,33,male,single,skilled employee,> 7 years,rent,none,2,< 0 DM,< 100 DM,950,15,car (new),no credits/paid back duly,4.0,1
172,26,female,non-single/single,skilled employee,1 - 4 years,own,none,1,no account,< 100 DM,763,12,furniture/equipment,existing credits paid back duly,4.0,0
173,34,female,non-single/single,highly skilled employee,unemployed,own,none,1,0 - 200 DM,< 100 DM,2064,24,furniture/equipment,delay paying off in the past,3.0,1
174,33,male,single,skilled employee,1 - 4 years,own,gurantor,1,0 - 200 DM,< 100 DM,1414,8,radio/television,existing credits paid back duly,4.0,0
175,26,male,single,skilled employee,< 1 year,own,none,1,< 0 DM,< 100 DM,3414,21,education,delay paying off in the past,2.0,1
176,53,female,non-single/single,highly skilled employee,unemployed,own,none,1,no account,unknown/no savings,7485,30,car (used),all credits at this bank paid back duly,4.0,1
177,42,male,divorved/separated,skilled employee,1 - 4 years,own,none,1,< 0 DM,< 100 DM,2577,12,furniture/equipment,existing credits paid back duly,2.0,0
178,52,male,single,skilled employee,> 7 years,own,none,1,< 0 DM,"500 - 1,000 DM",338,6,radio/television,critical account/other credits existing (outside this bank),4.0,0
179,31,male,single,highly skilled employee,4 - 7 years,rent,none,2,no account,< 100 DM,1963,12,radio/television,existing credits paid back duly,4.0,0
180,65,male,single,skilled employee,> 7 years,own,none,1,< 0 DM,< 100 DM,571,21,car (new),critical account/other credits existing (outside this bank),4.0,0
181,28,male,divorved/separated,skilled employee,< 1 year,own,none,1,no account,< 100 DM,9572,36,business,delay paying off in the past,1.0,1
182,30,male,divorved/separated,highly skilled employee,1 - 4 years,own,none,1,0 - 200 DM,< 100 DM,4455,36,business,delay paying off in the past,2.0,1
183,40,male,single,unskilled employee,1 - 4 years,own,none,2,< 0 DM,unknown/no savings,1647,21,car (new),all credits at this bank paid back duly,4.0,1
184,50,male,single,skilled employee,1 - 4 years,own,none,1,no account,"> 1,000 DM",3777,24,furniture/equipment,critical account/other credits existing (outside this bank),4.0,0
185,36,male,single,skilled employee,> 7 years,own,none,2,0 - 200 DM,< 100 DM,884,18,car (new),critical account/other credits existing (outside this bank),4.0,1
186,31,male,single,skilled employee,1 - 4 years,own,none,1,no account,< 100 DM,1360,15,radio/television,critical account/other credits existing (outside this bank),4.0,0
187,74,female,non-single/single,highly skilled employee,> 7 years,for free,none,2,0 - 200 DM,< 100 DM,5129,9,car (used),all credits at this bank paid back duly,2.0,1
188,68,male,single,unemployed,unemployed,for free,none,1,0 - 200 DM,< 100 DM,1175,16,car (new),critical account/other credits existing (outside this bank),2.0,0
189,20,male,married/widowed,skilled employee,4 - 7 years,own,none,1,< 0 DM,100 - 500 DM,674,12,radio/television,existing credits paid back duly,4.0,1
190,33,female,non-single/single,skilled employee,1 - 4 years,own,none,1,0 - 200 DM,< 100 DM,3244,18,furniture/equipment,no credits/paid back duly,1.0,0
191,54,male,single,highly skilled employee,1 - 4 years,own,none,1,no account,"> 1,000 DM",4591,24,business,existing credits paid back duly,2.0,1
192,34,male,single,unskilled employee,4 - 7 years,for free,none,2,0 - 200 DM,100 - 500 DM,3844,48,business,no credits/paid back duly,4.0,1
193,36,male,single,skilled employee,1 - 4 years,own,none,2,0 - 200 DM,< 100 DM,3915,27,business,existing credits paid back duly,4.0,1
194,29,male,married/widowed,skilled employee,4 - 7 years,rent,none,1,no account,< 100 DM,2108,6,radio/television,existing credits paid back duly,2.0,0
195,21,male,single,skilled employee,1 - 4 years,rent,gurantor,1,0 - 200 DM,100 - 500 DM,3031,45,radio/television,existing credits paid back duly,4.0,1
196,34,female,non-single/single,highly skilled employee,> 7 years,own,none,1,0 - 200 DM,< 100 DM,1501,9,education,critical account/other credits existing (outside this bank),2.0,1
197,28,female,non-single/single,skilled employee,1 - 4 years,own,none,1,no account,< 100 DM,1382,6,radio/television,critical account/other credits existing (outside this bank),1.0,0
198,27,female,non-single/single,skilled employee,< 1 year,rent,none,1,0 - 200 DM,100 - 500 DM,951,12,furniture/equipment,existing credits paid back duly,4.0,1
199,36,male,single,skilled employee,> 7 years,for free,none,1,0 - 200 DM,unknown/no savings,2760,24,car (used),existing credits paid back duly,4.0,0
200,40,male,divorved/separated,highly skilled employee,> 7 years,own,none,1,0 - 200 DM,< 100 DM,4297,18,furniture/equipment,delay paying off in the past,4.0,1
201,52,male,single,skilled employee,> 7 years,own,none,1,no account,"500 - 1,000 DM",936,9,education,critical account/other credits existing (outside this bank),4.0,0
202,27,male,married/widowed,unskilled employee,1 - 4 years,own,none,1,< 0 DM,< 100 DM,1168,12,car (new),existing credits paid back duly,4.0,0
203,26,male,single,skilled employee,4 - 7 years,own,none,1,no account,< 100 DM,5117,27,business,delay paying off in the past,3.0,0
204,21,male,married/widowed,skilled employee,4 - 7 years,rent,none,1,< 0 DM,< 100 DM,902,12,retraining,existing credits paid back duly,4.0,1
205,38,male,single,unskilled employee,> 7 years,own,none,2,no account,< 100 DM,1495,12,car (new),critical account/other credits existing (outside this bank),4.0,0
206,38,male,single,highly skilled employee,> 7 years,for free,none,2,< 0 DM,< 100 DM,10623,30,car (used),critical account/other credits existing (outside this bank),3.0,0
207,43,male,single,skilled employee,> 7 years,own,none,1,no account,< 100 DM,1935,12,furniture/equipment,critical account/other credits existing (outside this bank),4.0,0
208,26,male,single,skilled employee,4 - 7 years,own,none,1,0 - 200 DM,< 100 DM,1424,12,domestic appliance,critical account/other credits existing (outside this bank),4.0,0
209,21,male,married/widowed,unskilled employee,1 - 4 years,own,none,1,< 0 DM,< 100 DM,6568,24,business,existing credits paid back duly,2.0,0
210,55,male,single,skilled employee,4 - 7 years,own,none,1,no account,"> 1,000 DM",1413,12,car (used),existing credits paid back duly,3.0,0
211,33,male,single,skilled employee,1 - 4 years,own,none,2,no account,unknown/no savings,3074,9,radio/television,critical account/other credits existing (outside this bank),1.0,0
212,45,female,non-single/single,unskilled employee,> 7 years,own,none,1,no account,unknown/no savings,3835,36,radio/television,existing credits paid back duly,2.0,0
213,50,male,single,skilled employee,unemployed,own,none,1,< 0 DM,< 100 DM,5293,27,business,no credits/paid back duly,2.0,1
214,66,male,single,highly skilled employee,> 7 years,own,none,1,>= 200 DM,< 100 DM,1908,30,business,delay paying off in the past,4.0,1
215,51,male,single,skilled employee,> 7 years,own,none,1,no account,unknown/no savings,3342,36,radio/television,critical account/other credits existing (outside this bank),4.0,0
216,39,female,non-single/single,unskilled employee,4 - 7 years,own,none,1,0 - 200 DM,unknown/no savings,932,6,retraining,critical account/other credits existing (outside this bank),1.0,0
217,31,male,single,skilled employee,4 - 7 years,own,none,1,< 0 DM,< 100 DM,3104,18,business,no credits/paid back duly,3.0,0
218,23,male,single,skilled employee,1 - 4 years,own,none,1,>= 200 DM,< 100 DM,3913,36,radio/television,existing credits paid back duly,2.0,0
219,24,male,divorved/separated,unskilled employee,1 - 4 years,rent,none,1,< 0 DM,< 100 DM,3021,24,furniture/equipment,existing credits paid back duly,2.0,0
220,64,female,non-single/single,skilled employee,1 - 4 years,own,none,1,no account,< 100 DM,1364,10,car (new),existing credits paid back duly,2.0,0
221,26,male,married/widowed,unskilled employee,< 1 year,own,gurantor,1,0 - 200 DM,< 100 DM,625,12,radio/television,existing credits paid back duly,4.0,0
222,23,female,non-single/single,skilled employee,1 - 4 years,rent,none,1,< 0 DM,unknown/no savings,1200,12,education,existing credits paid back duly,4.0,0
223,30,male,single,skilled employee,1 - 4 years,own,none,1,no account,< 100 DM,707,12,radio/television,existing credits paid back duly,4.0,0
224,32,male,single,skilled employee,1 - 4 years,own,none,2,no account,unknown/no savings,2978,24,business,delay paying off in the past,4.0,0
225,30,male,single,skilled employee,1 - 4 years,own,none,1,no account,< 100 DM,4657,15,car (used),existing credits paid back duly,3.0,0
226,27,male,single,skilled employee,1 - 4 years,own,none,1,no account,< 100 DM,2613,36,repairs,no credits/paid back duly,4.0,0
227,27,male,single,skilled employee,4 - 7 years,own,co-applicant,1,0 - 200 DM,"> 1,000 DM",10961,48,radio/television,existing credits paid back duly,1.0,1
228,53,male,single,highly skilled employee,> 7 years,for free,none,1,< 0 DM,< 100 DM,7865,12,furniture/equipment,existing credits paid back duly,4.0,1
229,22,male,single,skilled employee,4 - 7 years,own,none,1,no account,< 100 DM,1478,9,radio/television,existing credits paid back duly,4.0,1
230,22,male,single,skilled employee,< 1 year,for free,none,1,< 0 DM,< 100 DM,3149,24,furniture/equipment,existing credits paid back duly,4.0,0
231,26,male,single,skilled employee,1 - 4 years,own,none,1,>= 200 DM,< 100 DM,4210,36,radio/television,existing credits paid back duly,4.0,1
232,51,male,single,unskilled employee,> 7 years,for free,none,1,no account,"500 - 1,000 DM",2507,9,car (new),existing credits paid back duly,2.0,0
233,35,male,single,skilled employee,4 - 7 years,own,none,1,no account,100 - 500 DM,2141,12,radio/television,existing credits paid back duly,3.0,0
234,25,male,married/widowed,unskilled employee,1 - 4 years,own,gurantor,1,0 - 200 DM,< 100 DM,866,18,radio/television,existing credits paid back duly,4.0,0
235,42,male,single,unskilled employee,4 - 7 years,own,none,2,no account,< 100 DM,1544,4,radio/television,critical account/other credits existing (outside this bank),2.0,0
236,30,male,single,highly skilled employee,unemployed,own,none,2,< 0 DM,< 100 DM,1823,24,radio/television,existing credits paid back duly,4.0,1
237,23,male,single,unemployed,unemployed,own,none,1,0 - 200 DM,unknown/no savings,14555,6,car (new),existing credits paid back duly,1.0,1
238,61,male,divorved/separated,unskilled employee,> 7 years,rent,none,1,0 - 200 DM,100 - 500 DM,2767,21,business,existing credits paid back duly,4.0,1
239,35,female,non-single/single,skilled employee,1 - 4 years,own,none,1,no account,< 100 DM,1291,12,radio/television,critical account/other credits existing (outside this bank),4.0,0
240,39,male,single,skilled employee,> 7 years,own,gurantor,2,< 0 DM,< 100 DM,2522,30,radio/television,existing credits paid back duly,1.0,0
241,29,female,non-single/single,skilled employee,> 7 years,own,none,1,< 0 DM,unknown/no savings,915,24,car (new),existing credits paid back duly,4.0,1
242,51,male,single,skilled employee,4 - 7 years,own,none,2,no account,< 100 DM,1595,6,radio/television,existing credits paid back duly,3.0,0
243,24,male,single,skilled employee,> 7 years,for free,none,2,< 0 DM,< 100 DM,4605,48,car (used),no credits/paid back duly,3.0,1
244,27,female,non-single/single,skilled employee,1 - 4 years,own,none,1,no account,< 100 DM,1185,12,business,critical account/other credits existing (outside this bank),3.0,0
245,35,female,non-single/single,unskilled employee,1 - 4 years,own,none,2,no account,"500 - 1,000 DM",3447,12,retraining,all credits at this bank paid back duly,4.0,0
246,25,male,single,skilled employee,4 - 7 years,own,none,1,no account,< 100 DM,1258,24,business,existing credits paid back duly,4.0,0
247,52,male,single,skilled employee,> 7 years,own,none,1,no account,< 100 DM,717,12,radio/television,critical account/other credits existing (outside this bank),4.0,0
248,35,male,single,skilled employee,1 - 4 years,rent,none,1,no account,100 - 500 DM,1204,6,car (new),no credits/paid back duly,4.0,0
249,26,male,single,skilled employee,1 - 4 years,own,none,1,>= 200 DM,< 100 DM,1925,24,furniture/equipment,existing credits paid back duly,2.0,0
250,22,female,non-single/single,skilled employee,unemployed,rent,co-applicant,1,no account,< 100 DM,433,18,radio/television,existing credits paid back duly,3.0,1
251,39,female,non-single/single,unskilled employee,4 - 7 years,own,none,1,< 0 DM,"> 1,000 DM",666,6,car (new),critical account/other credits existing (outside this bank),3.0,0
252,46,female,non-single/single,unskilled employee,1 - 4 years,own,none,1,>= 200 DM,< 100 DM,2251,12,furniture/equipment,existing credits paid back duly,1.0,0
253,24,female,non-single/single,skilled employee,1 - 4 years,own,gurantor,1,0 - 200 DM,< 100 DM,2150,30,car (new),existing credits paid back duly,4.0,1
254,35,male,single,skilled employee,1 - 4 years,own,none,1,no account,100 - 500 DM,4151,24,furniture/equipment,delay paying off in the past,2.0,0
255,24,male,single,skilled employee,4 - 7 years,own,none,1,0 - 200 DM,unknown/no savings,2030,9,furniture/equipment,existing credits paid back duly,2.0,0
256,27,male,single,unskilled employee,1 - 4 years,own,none,1,0 - 200 DM,unknown/no savings,7418,60,radio/television,delay paying off in the past,1.0,0
257,35,male,single,unskilled employee,1 - 4 years,own,none,1,no account,< 100 DM,2684,24,radio/television,critical account/other credits existing (outside this bank),4.0,0
258,29,male,divorved/separated,skilled employee,1 - 4 years,for free,none,1,< 0 DM,< 100 DM,2149,12,radio/television,all credits at this bank paid back duly,4.0,1
259,23,female,non-single/single,skilled employee,< 1 year,own,none,1,no account,100 - 500 DM,3812,15,car (used),existing credits paid back duly,1.0,0
260,57,female,non-single/single,unskilled employee,unemployed,own,none,1,no account,100 - 500 DM,1154,11,radio/television,critical account/other credits existing (outside this bank),4.0,0
261,27,male,single,skilled employee,1 - 4 years,own,none,1,< 0 DM,< 100 DM,1657,12,furniture/equipment,existing credits paid back duly,2.0,0
262,55,female,non-single/single,skilled employee,> 7 years,own,none,1,< 0 DM,< 100 DM,1603,24,radio/television,existing credits paid back duly,4.0,0
263,36,male,single,highly skilled employee,> 7 years,for free,none,1,< 0 DM,< 100 DM,5302,18,car (new),critical account/other credits existing (outside this bank),2.0,0
264,57,female,non-single/single,unskilled employee,> 7 years,for free,none,1,no account,< 100 DM,2748,12,education,critical account/other credits existing (outside this bank),2.0,0
265,32,male,single,unskilled employee,> 7 years,own,none,2,no account,< 100 DM,1231,10,car (new),critical account/other credits existing (outside this bank),3.0,0
266,37,male,single,skilled employee,> 7 years,own,none,2,0 - 200 DM,< 100 DM,802,15,radio/television,existing credits paid back duly,4.0,1
267,36,male,single,skilled employee,> 7 years,own,none,1,no account,unknown/no savings,6304,36,business,critical account/other credits existing (outside this bank),4.0,0
268,38,female,non-single/single,skilled employee,< 1 year,own,none,1,no account,< 100 DM,1533,24,radio/television,existing credits paid back duly,4.0,0
269,45,male,divorved/separated,highly skilled employee,> 7 years,own,none,1,< 0 DM,< 100 DM,8978,14,car (new),existing credits paid back duly,1.0,1
270,25,male,single,skilled employee,> 7 years,own,none,1,no account,unknown/no savings,999,24,radio/television,existing credits paid back duly,4.0,0
271,32,male,single,skilled employee,4 - 7 years,own,none,1,no account,unknown/no savings,2662,18,car (new),existing credits paid back duly,4.0,0
272,37,female,non-single/single,skilled employee,4 - 7 years,rent,none,1,no account,"500 - 1,000 DM",1402,12,furniture/equipment,critical account/other credits existing (outside this bank),3.0,0
273,36,male,single,highly skilled employee,unemployed,for free,co-applicant,1,0 - 200 DM,unknown/no savings,12169,48,car (new),all credits at this bank paid back duly,4.0,0
274,28,male,single,skilled employee,4 - 7 years,own,none,1,0 - 200 DM,< 100 DM,3060,48,radio/television,existing credits paid back duly,4.0,1
275,34,male,divorved/separated,unskilled employee,< 1 year,own,none,1,< 0 DM,< 100 DM,11998,30,repairs,existing credits paid back duly,1.0,1
276,32,male,single,skilled employee,1 - 4 years,own,none,2,no account,< 100 DM,2697,9,radio/television,existing credits paid back duly,1.0,0
277,26,female,non-single/single,skilled employee,1 - 4 years,own,none,1,no account,< 100 DM,2404,18,radio/television,critical account/other credits existing (outside this bank),2.0,0
278,49,male,divorved/separated,unskilled employee,> 7 years,own,none,1,< 0 DM,unknown/no savings,1262,12,furniture/equipment,existing credits paid back duly,2.0,0
279,32,female,non-single/single,skilled employee,< 1 year,own,none,1,no account,< 100 DM,4611,6,furniture/equipment,existing credits paid back duly,1.0,1
280,29,male,single,highly skilled employee,1 - 4 years,rent,none,1,no account,100 - 500 DM,1901,24,radio/television,existing credits paid back duly,4.0,0
281,23,male,single,skilled employee,> 7 years,rent,none,1,no account,"> 1,000 DM",3368,15,car (used),critical account/other credits existing (outside this bank),3.0,0
282,50,male,single,skilled employee,1 - 4 years,own,none,1,no account,< 100 DM,1574,12,furniture/equipment,existing credits paid back duly,4.0,0
283,49,male,single,unskilled employee,4 - 7 years,own,none,1,>= 200 DM,unknown/no savings,1445,18,radio/television,all credits at this bank paid back duly,4.0,0
284,63,male,single,skilled employee,> 7 years,own,none,1,no account,unknown/no savings,1520,15,furniture/equipment,critical account/other credits existing (outside this bank),4.0,0
285,37,male,divorved/separated,skilled employee,< 1 year,own,none,1,0 - 200 DM,100 - 500 DM,3878,24,car (new),critical account/other credits existing (outside this bank),4.0,0
286,35,female,non-single/single,unskilled employee,< 1 year,own,none,1,< 0 DM,< 100 DM,10722,47,car (new),existing credits paid back duly,1.0,0
287,26,male,single,skilled employee,4 - 7 years,own,none,2,< 0 DM,< 100 DM,4788,48,car (used),existing credits paid back duly,4.0,0
288,31,male,single,highly skilled employee,unemployed,for free,none,1,0 - 200 DM,100 - 500 DM,7582,48,other,delay paying off in the past,2.0,0
289,49,female,non-single/single,skilled employee,1 - 4 years,own,gurantor,1,0 - 200 DM,< 100 DM,1092,12,radio/television,existing credits paid back duly,4.0,0
290,48,male,married/widowed,skilled employee,< 1 year,own,none,1,< 0 DM,< 100 DM,1024,24,radio/television,delay paying off in the past,4.0,1
291,26,male,married/widowed,skilled employee,1 - 4 years,own,none,1,no account,< 100 DM,1076,12,business,existing credits paid back duly,2.0,0
292,28,male,married/widowed,highly skilled employee,< 1 year,rent,none,1,0 - 200 DM,< 100 DM,9398,36,car (used),existing credits paid back duly,1.0,1
293,44,female,non-single/single,highly skilled employee,> 7 years,for free,none,2,< 0 DM,< 100 DM,6419,24,car (used),critical account/other credits existing (outside this bank),2.0,0
294,56,male,single,skilled employee,> 7 years,for free,none,1,>= 200 DM,< 100 DM,4796,42,car (used),critical account/other credits existing (outside this bank),4.0,0
295,46,male,divorved/separated,highly skilled employee,> 7 years,own,none,2,no account,unknown/no savings,7629,48,business,critical account/other credits existing (outside this bank),4.0,0
296,26,female,non-single/single,skilled employee,< 1 year,own,none,1,0 - 200 DM,< 100 DM,9960,48,furniture/equipment,existing credits paid back duly,1.0,1
297,20,female,non-single/single,skilled employee,< 1 year,rent,none,1,no account,unknown/no savings,4675,12,car (used),existing credits paid back duly,1.0,0
298,45,male,single,unskilled employee,> 7 years,own,co-applicant,1,no account,unknown/no savings,1287,10,car (new),existing credits paid back duly,4.0,0
299,43,male,single,skilled employee,1 - 4 years,own,none,1,no account,< 100 DM,2515,18,furniture/equipment,existing credits paid back duly,3.0,0
300,32,male,single,skilled employee,4 - 7 years,own,none,1,0 - 200 DM,"> 1,000 DM",2745,21,furniture/equipment,critical account/other credits existing (outside this bank),3.0,0
301,54,female,non-single/single,unemployed,unemployed,own,none,1,no account,< 100 DM,672,6,car (new),existing credits paid back duly,1.0,0
302,42,female,non-single/single,skilled employee,1 - 4 years,own,none,1,0 - 200 DM,< 100 DM,3804,36,radio/television,no credits/paid back duly,4.0,1
303,37,male,single,unskilled employee,4 - 7 years,own,none,2,>= 200 DM,unknown/no savings,1344,24,car (new),critical account/other credits existing (outside this bank),4.0,1
304,49,male,single,skilled employee,4 - 7 years,own,co-applicant,1,< 0 DM,< 100 DM,1038,10,car (new),critical account/other credits existing (outside this bank),4.0,0
305,44,male,single,skilled employee,1 - 4 years,for free,none,1,no account,"500 - 1,000 DM",10127,48,car (new),critical account/other credits existing (outside this bank),2.0,1
306,33,male,divorved/separated,skilled employee,1 - 4 years,own,none,1,no account,"> 1,000 DM",1543,6,furniture/equipment,existing credits paid back duly,4.0,0
307,24,female,non-single/single,unskilled employee,4 - 7 years,rent,none,1,no account,unknown/no savings,4811,30,car (used),existing credits paid back duly,2.0,0
308,33,male,married/widowed,unskilled employee,< 1 year,own,none,1,< 0 DM,100 - 500 DM,727,12,radio/television,existing credits paid back duly,4.0,1
309,24,female,non-single/single,skilled employee,1 - 4 years,own,none,1,0 - 200 DM,< 100 DM,1237,8,furniture/equipment,existing credits paid back duly,3.0,1
310,22,male,married/widowed,unskilled employee,1 - 4 years,rent,none,1,0 - 200 DM,< 100 DM,276,9,car (new),existing credits paid back duly,4.0,0
311,40,male,single,unemployed,unemployed,for free,none,1,0 - 200 DM,unknown/no savings,5381,48,other,existing credits paid back duly,3.0,0
312,25,male,single,skilled employee,1 - 4 years,own,none,1,no account,100 - 500 DM,5511,24,furniture/equipment,existing credits paid back duly,4.0,0
313,26,female,non-single/single,skilled employee,< 1 year,own,none,1,>= 200 DM,< 100 DM,3749,24,furniture/equipment,existing credits paid back duly,2.0,0
314,25,male,married/widowed,unskilled employee,4 - 7 years,own,none,1,0 - 200 DM,< 100 DM,685,12,car (new),existing credits paid back duly,2.0,1
315,29,male,single,unskilled employee,< 1 year,own,none,2,>= 200 DM,unknown/no savings,1494,4,car (new),existing credits paid back duly,1.0,0
316,31,male,single,skilled employee,> 7 years,own,none,1,< 0 DM,< 100 DM,2746,36,furniture/equipment,all credits at this bank paid back duly,4.0,1
317,38,male,single,unskilled employee,1 - 4 years,own,gurantor,2,< 0 DM,< 100 DM,708,12,furniture/equipment,existing credits paid back duly,2.0,0
318,48,female,non-single/single,unskilled employee,1 - 4 years,own,none,1,0 - 200 DM,unknown/no savings,4351,24,furniture/equipment,existing credits paid back duly,1.0,0
319,32,male,single,skilled employee,1 - 4 years,own,none,1,no account,< 100 DM,701,12,education,critical account/other credits existing (outside this bank),4.0,0
320,27,female,non-single/single,unskilled employee,> 7 years,own,none,1,< 0 DM,< 100 DM,3643,15,furniture/equipment,delay paying off in the past,1.0,0
321,28,male,married/widowed,highly skilled employee,unemployed,own,none,1,0 - 200 DM,< 100 DM,4249,30,car (new),critical account/other credits existing (outside this bank),4.0,1
322,32,male,divorved/separated,skilled employee,< 1 year,own,none,1,< 0 DM,< 100 DM,1938,24,radio/television,existing credits paid back duly,4.0,1
323,34,male,single,highly skilled employee,4 - 7 years,for free,none,1,< 0 DM,< 100 DM,2910,24,car (used),existing credits paid back duly,2.0,0
324,28,male,single,skilled employee,1 - 4 years,own,none,1,< 0 DM,"> 1,000 DM",2659,18,furniture/equipment,existing credits paid back duly,4.0,0
325,36,female,non-single/single,skilled employee,1 - 4 years,own,none,1,no account,< 100 DM,1028,18,car (new),critical account/other credits existing (outside this bank),4.0,0
326,39,male,single,unskilled employee,4 - 7 years,own,none,1,< 0 DM,< 100 DM,3398,8,car (new),critical account/other credits existing (outside this bank),1.0,0
327,49,male,single,skilled employee,> 7 years,rent,none,1,no account,unknown/no savings,5801,12,furniture/equipment,critical account/other credits existing (outside this bank),2.0,0
328,34,female,non-single/single,skilled employee,4 - 7 years,own,none,2,no account,"> 1,000 DM",1525,24,car (new),existing credits paid back duly,4.0,0
329,31,male,single,skilled employee,> 7 years,own,none,1,>= 200 DM,< 100 DM,4473,36,radio/television,existing credits paid back duly,4.0,0
330,28,male,single,skilled employee,> 7 years,own,none,2,0 - 200 DM,< 100 DM,1068,6,radio/television,existing credits paid back duly,4.0,0
331,75,male,single,highly skilled employee,unemployed,for free,none,1,< 0 DM,< 100 DM,6615,24,car (used),critical account/other credits existing (outside this bank),2.0,0
332,30,female,non-single/single,skilled employee,1 - 4 years,own,none,1,no account,100 - 500 DM,1864,18,education,critical account/other credits existing (outside this bank),4.0,1
333,24,female,non-single/single,highly skilled employee,< 1 year,own,none,1,0 - 200 DM,100 - 500 DM,7408,60,car (new),existing credits paid back duly,4.0,1
334,24,female,non-single/single,unskilled employee,1 - 4 years,rent,none,1,no account,100 - 500 DM,11590,48,car (used),critical account/other credits existing (outside this bank),2.0,1
335,23,male,single,skilled employee,> 7 years,rent,none,2,< 0 DM,< 100 DM,4110,24,furniture/equipment,no credits/paid back duly,3.0,1
336,44,male,divorved/separated,highly skilled employee,1 - 4 years,rent,none,1,< 0 DM,< 100 DM,3384,6,furniture/equipment,critical account/other credits existing (outside this bank),1.0,1
337,23,female,non-single/single,unskilled employee,< 1 year,own,gurantor,1,0 - 200 DM,< 100 DM,2101,13,radio/television,existing credits paid back duly,2.0,0
338,24,female,non-single/single,skilled employee,1 - 4 years,rent,none,1,< 0 DM,unknown/no savings,1275,15,domestic appliance,existing credits paid back duly,4.0,1
339,28,male,single,skilled employee,1 - 4 years,own,none,1,< 0 DM,< 100 DM,4169,24,furniture/equipment,existing credits paid back duly,4.0,0
340,31,male,divorved/separated,unskilled employee,1 - 4 years,own,none,1,0 - 200 DM,< 100 DM,1521,10,furniture/equipment,existing credits paid back duly,4.0,0
341,24,female,non-single/single,skilled employee,< 1 year,for free,none,1,0 - 200 DM,< 100 DM,5743,24,education,critical account/other credits existing (outside this bank),2.0,0
342,26,female,non-single/single,unskilled employee,4 - 7 years,rent,none,1,< 0 DM,< 100 DM,3599,21,furniture/equipment,existing credits paid back duly,1.0,0
343,25,male,married/widowed,skilled employee,< 1 year,rent,none,1,0 - 200 DM,"500 - 1,000 DM",3213,18,radio/television,existing credits paid back duly,1.0,0
344,33,male,single,highly skilled employee,> 7 years,own,co-applicant,1,0 - 200 DM,< 100 DM,4439,18,business,existing credits paid back duly,1.0,0
345,37,male,single,unskilled employee,< 1 year,own,gurantor,2,>= 200 DM,< 100 DM,3949,10,car (new),existing credits paid back duly,1.0,0
346,43,female,non-single/single,unskilled employee,1 - 4 years,own,none,1,no account,< 100 DM,1459,15,radio/television,critical account/other credits existing (outside this bank),4.0,0
347,23,male,single,skilled employee,< 1 year,own,gurantor,1,0 - 200 DM,< 100 DM,882,13,radio/television,critical account/other credits existing (outside this bank),4.0,0
348,23,female,non-single/single,unemployed,unemployed,rent,none,1,0 - 200 DM,"500 - 1,000 DM",3758,24,radio/television,existing credits paid back duly,1.0,0
349,34,male,single,unskilled employee,1 - 4 years,own,none,1,no account,100 - 500 DM,1743,6,business,delay paying off in the past,1.0,0
350,32,male,single,skilled employee,> 7 years,for free,none,2,0 - 200 DM,"> 1,000 DM",1136,9,education,critical account/other credits existing (outside this bank),4.0,1
351,23,female,non-single/single,skilled employee,< 1 year,rent,none,1,no account,< 100 DM,1236,9,domestic appliance,existing credits paid back duly,1.0,0
352,29,female,non-single/single,skilled employee,1 - 4 years,own,none,1,0 - 200 DM,< 100 DM,959,9,furniture/equipment,existing credits paid back duly,1.0,1
353,38,male,single,highly skilled employee,unemployed,own,none,1,no account,unknown/no savings,3229,18,car (used),critical account/other credits existing (outside this bank),2.0,0
354,28,male,single,skilled employee,1 - 4 years,rent,none,1,< 0 DM,< 100 DM,6199,12,radio/television,no credits/paid back duly,4.0,1
355,46,male,single,skilled employee,> 7 years,for free,none,1,no account,"500 - 1,000 DM",727,10,education,existing credits paid back duly,4.0,0
356,23,male,single,unskilled employee,< 1 year,own,none,1,0 - 200 DM,< 100 DM,1246,24,car (new),existing credits paid back duly,4.0,1
357,49,male,single,skilled employee,> 7 years,own,co-applicant,1,no account,unknown/no savings,2331,12,radio/television,critical account/other credits existing (outside this bank),1.0,0
358,26,male,single,highly skilled employee,1 - 4 years,own,none,1,no account,< 100 DM,4463,36,radio/television,delay paying off in the past,4.0,1
359,28,male,married/widowed,skilled employee,1 - 4 years,own,none,1,no account,< 100 DM,776,12,radio/television,existing credits paid back duly,4.0,0
360,23,female,non-single/single,skilled employee,4 - 7 years,rent,none,1,< 0 DM,< 100 DM,2406,30,furniture/equipment,existing credits paid back duly,4.0,1
361,61,male,single,skilled employee,1 - 4 years,for free,none,1,0 - 200 DM,unknown/no savings,1239,18,education,existing credits paid back duly,4.0,0
362,37,male,single,highly skilled employee,> 7 years,own,none,1,>= 200 DM,unknown/no savings,3399,12,radio/television,existing credits paid back duly,2.0,0
363,36,female,non-single/single,skilled employee,1 - 4 years,own,none,1,>= 200 DM,< 100 DM,2247,12,car (new),delay paying off in the past,2.0,0
364,21,male,married/widowed,skilled employee,1 - 4 years,rent,none,1,no account,< 100 DM,1766,6,furniture/equipment,existing credits paid back duly,1.0,0
365,25,male,single,unemployed,unemployed,own,none,1,< 0 DM,< 100 DM,2473,18,furniture/equipment,existing credits paid back duly,4.0,1
366,36,male,single,skilled employee,4 - 7 years,own,none,1,no account,< 100 DM,1542,12,business,existing credits paid back duly,2.0,0
367,27,male,single,skilled employee,4 - 7 years,own,none,1,no account,< 100 DM,3850,18,car (used),critical account/other credits existing (outside this bank),3.0,0
368,22,female,non-single/single,skilled employee,< 1 year,rent,none,1,< 0 DM,< 100 DM,3650,18,furniture/equipment,existing credits paid back duly,1.0,0
369,42,male,single,skilled employee,> 7 years,own,none,2,< 0 DM,< 100 DM,3446,36,furniture/equipment,existing credits paid back duly,4.0,1
370,40,female,non-single/single,skilled employee,4 - 7 years,rent,none,1,0 - 200 DM,< 100 DM,3001,18,furniture/equipment,existing credits paid back duly,2.0,0
371,36,male,single,skilled employee,1 - 4 years,own,none,1,no account,unknown/no savings,3079,36,car (new),existing credits paid back duly,4.0,0
372,33,male,single,skilled employee,> 7 years,own,none,1,no account,< 100 DM,6070,18,radio/television,critical account/other credits existing (outside this bank),3.0,0
373,23,female,non-single/single,skilled employee,< 1 year,rent,none,1,no account,< 100 DM,2146,10,furniture/equipment,critical account/other credits existing (outside this bank),1.0,0
374,63,male,single,highly skilled employee,> 7 years,for free,none,1,no account,unknown/no savings,13756,60,car (new),critical account/other credits existing (outside this bank),2.0,0
375,60,female,non-single/single,highly skilled employee,> 7 years,for free,none,1,0 - 200 DM,100 - 500 DM,14782,60,other,all credits at this bank paid back duly,3.0,1
376,37,female,non-single/single,skilled employee,4 - 7 years,rent,gurantor,1,< 0 DM,< 100 DM,7685,48,business,all credits at this bank paid back duly,2.0,1
377,34,male,married/widowed,skilled employee,unemployed,own,none,1,no account,< 100 DM,2320,18,radio/television,delay paying off in the past,2.0,0
378,36,male,single,skilled employee,> 7 years,for free,none,1,no account,unknown/no savings,846,7,radio/television,delay paying off in the past,3.0,0
379,57,male,single,highly skilled employee,> 7 years,for free,none,1,0 - 200 DM,< 100 DM,14318,36,car (new),existing credits paid back duly,4.0,1
380,52,female,non-single/single,unskilled employee,1 - 4 years,own,none,1,no account,100 - 500 DM,362,6,car (new),critical account/other credits existing (outside this bank),4.0,0
381,39,male,single,skilled employee,4 - 7 years,own,none,1,< 0 DM,unknown/no savings,2212,20,furniture/equipment,existing credits paid back duly,4.0,0
382,38,female,non-single/single,highly skilled employee,unemployed,for free,none,1,0 - 200 DM,< 100 DM,12976,18,car (used),existing credits paid back duly,3.0,1
383,25,female,non-single/single,skilled employee,4 - 7 years,rent,none,1,no account,unknown/no savings,1283,22,car (new),existing credits paid back duly,4.0,0
384,26,male,single,skilled employee,< 1 year,own,none,1,>= 200 DM,< 100 DM,1330,12,car (new),existing credits paid back duly,4.0,0
385,26,male,single,unskilled employee,1 - 4 years,own,none,1,no account,100 - 500 DM,4272,30,business,delay paying off in the past,2.0,0
386,25,female,non-single/single,skilled employee,1 - 4 years,own,none,1,no account,< 100 DM,2238,18,radio/television,critical account/other credits existing (outside this bank),2.0,0
387,21,female,non-single/single,skilled employee,< 1 year,rent,none,1,no account,unknown/no savings,1126,18,radio/television,existing credits paid back duly,4.0,0
388,40,male,single,highly skilled employee,unemployed,own,none,1,0 - 200 DM,< 100 DM,7374,18,furniture/equipment,critical account/other credits existing (outside this bank),4.0,0
389,27,male,single,skilled employee,1 - 4 years,own,none,1,0 - 200 DM,"500 - 1,000 DM",2326,15,business,critical account/other credits existing (outside this bank),2.0,0
390,27,female,non-single/single,skilled employee,4 - 7 years,own,none,1,no account,< 100 DM,1449,9,business,existing credits paid back duly,3.0,0
391,30,male,married/widowed,highly skilled employee,1 - 4 years,own,none,1,no account,< 100 DM,1820,18,car (new),existing credits paid back duly,2.0,0
392,19,female,non-single/single,unskilled employee,< 1 year,rent,none,1,0 - 200 DM,"> 1,000 DM",983,12,furniture/equipment,existing credits paid back duly,1.0,0
393,39,male,single,highly skilled employee,4 - 7 years,for free,none,2,< 0 DM,< 100 DM,3249,36,car (new),existing credits paid back duly,2.0,0
394,31,female,non-single/single,skilled employee,4 - 7 years,own,none,1,< 0 DM,< 100 DM,1957,6,radio/television,critical account/other credits existing (outside this bank),1.0,0
395,31,male,single,highly skilled employee,unemployed,own,none,1,no account,< 100 DM,2406,9,furniture/equipment,critical account/other credits existing (outside this bank),2.0,0
396,32,male,single,skilled employee,4 - 7 years,rent,none,1,0 - 200 DM,100 - 500 DM,11760,39,education,delay paying off in the past,2.0,0
397,55,female,non-single/single,highly skilled employee,unemployed,for free,none,1,< 0 DM,< 100 DM,2578,12,furniture/equipment,existing credits paid back duly,3.0,0
398,46,male,married/widowed,skilled employee,1 - 4 years,own,none,1,< 0 DM,< 100 DM,2348,36,furniture/equipment,critical account/other credits existing (outside this bank),3.0,0
399,46,male,divorved/separated,skilled employee,> 7 years,rent,none,1,0 - 200 DM,< 100 DM,1223,12,car (new),existing credits paid back duly,1.0,1
400,43,female,non-single/single,unskilled employee,1 - 4 years,own,none,1,no account,"> 1,000 DM",1516,24,radio/television,critical account/other credits existing (outside this bank),4.0,0
401,39,male,married/widowed,skilled employee,< 1 year,own,none,1,no account,< 100 DM,1473,18,radio/television,existing credits paid back duly,3.0,0
402,28,male,married/widowed,skilled employee,1 - 4 years,own,none,1,0 - 200 DM,unknown/no savings,1887,18,business,critical account/other credits existing (outside this bank),4.0,0
403,27,male,single,skilled employee,< 1 year,own,none,1,no account,< 100 DM,8648,24,business,delay paying off in the past,2.0,1
404,27,male,single,unskilled employee,1 - 4 years,own,none,1,no account,< 100 DM,802,14,car (new),delay paying off in the past,4.0,0
405,43,male,single,skilled employee,> 7 years,own,none,2,0 - 200 DM,unknown/no savings,2899,18,car (new),delay paying off in the past,4.0,0
406,22,male,married/widowed,skilled employee,< 1 year,own,none,1,0 - 200 DM,< 100 DM,2039,24,radio/television,existing credits paid back duly,1.0,1
407,43,male,single,skilled employee,4 - 7 years,own,none,2,no account,unknown/no savings,2197,24,car (used),critical account/other credits existing (outside this bank),4.0,0
408,27,male,married/widowed,skilled employee,< 1 year,own,none,1,< 0 DM,< 100 DM,1053,15,radio/television,existing credits paid back duly,4.0,0
409,26,male,divorved/separated,highly skilled employee,> 7 years,own,none,1,no account,"500 - 1,000 DM",3235,24,radio/television,existing credits paid back duly,3.0,0
410,28,male,married/widowed,skilled employee,4 - 7 years,own,none,1,>= 200 DM,"500 - 1,000 DM",939,12,car (new),critical account/other credits existing (outside this bank),4.0,1
411,20,female,non-single/single,skilled employee,> 7 years,own,none,1,0 - 200 DM,< 100 DM,1967,24,radio/television,existing credits paid back duly,4.0,0
412,35,male,single,highly skilled employee,4 - 7 years,own,none,1,no account,< 100 DM,7253,33,car (used),critical account/other credits existing (outside this bank),3.0,0
413,42,male,single,highly skilled employee,unemployed,own,none,1,no account,< 100 DM,2292,12,business,critical account/other credits existing (outside this bank),4.0,1
414,40,male,single,unskilled employee,1 - 4 years,rent,none,2,no account,"500 - 1,000 DM",1597,10,car (new),existing credits paid back duly,3.0,0
415,35,female,non-single/single,skilled employee,1 - 4 years,own,none,1,< 0 DM,unknown/no savings,1381,24,car (new),existing credits paid back duly,4.0,1
416,35,male,single,skilled employee,> 7 years,own,none,2,no account,< 100 DM,5842,36,car (used),critical account/other credits existing (outside this bank),2.0,0
417,33,male,single,unskilled employee,< 1 year,own,none,2,< 0 DM,< 100 DM,2579,12,car (new),existing credits paid back duly,4.0,1
418,23,female,non-single/single,skilled employee,1 - 4 years,rent,none,1,< 0 DM,unknown/no savings,8471,18,education,delay paying off in the past,1.0,0
419,31,female,non-single/single,highly skilled employee,4 - 7 years,own,none,1,no account,"500 - 1,000 DM",2782,21,car (new),existing credits paid back duly,1.0,0
420,33,female,non-single/single,skilled employee,1 - 4 years,own,none,1,0 - 200 DM,unknown/no savings,1042,18,car (new),existing credits paid back duly,4.0,1
421,20,female,non-single/single,skilled employee,4 - 7 years,rent,none,1,no account,"> 1,000 DM",3186,15,car (new),existing credits paid back duly,2.0,0
422,30,male,single,skilled employee,1 - 4 years,own,none,1,0 - 200 DM,unknown/no savings,2028,12,car (used),existing credits paid back duly,4.0,0
423,47,male,single,unskilled employee,4 - 7 years,own,none,2,0 - 200 DM,< 100 DM,958,12,car (new),critical account/other credits existing (outside this bank),2.0,0
424,34,male,single,highly skilled employee,4 - 7 years,own,none,1,no account,100 - 500 DM,1591,21,furniture/equipment,delay paying off in the past,4.0,0
425,25,female,non-single/single,skilled employee,> 7 years,own,none,1,0 - 200 DM,unknown/no savings,2762,12,furniture/equipment,existing credits paid back duly,1.0,1
426,21,male,married/widowed,skilled employee,1 - 4 years,rent,none,1,0 - 200 DM,< 100 DM,2779,18,car (used),existing credits paid back duly,1.0,0
427,29,male,single,skilled employee,> 7 years,own,none,1,no account,< 100 DM,2743,28,radio/television,critical account/other credits existing (outside this bank),4.0,0
428,46,male,single,skilled employee,1 - 4 years,own,none,1,no account,"> 1,000 DM",1149,18,radio/television,critical account/other credits existing (outside this bank),4.0,0
429,20,male,single,skilled employee,> 7 years,own,none,1,no account,< 100 DM,1313,9,furniture/equipment,existing credits paid back duly,1.0,0
430,55,female,non-single/single,unemployed,unemployed,for free,none,2,< 0 DM,< 100 DM,1190,18,repairs,critical account/other credits existing (outside this bank),2.0,1
431,74,male,single,unskilled employee,4 - 7 years,own,none,1,no account,< 100 DM,3448,5,business,existing credits paid back duly,1.0,0
432,29,male,single,highly skilled employee,1 - 4 years,own,co-applicant,1,0 - 200 DM,< 100 DM,11328,24,other,existing credits paid back duly,2.0,1
433,36,male,single,highly skilled employee,unemployed,for free,none,1,< 0 DM,< 100 DM,1872,6,furniture/equipment,critical account/other credits existing (outside this bank),4.0,0
434,33,male,divorved/separated,skilled employee,1 - 4 years,own,none,1,no account,< 100 DM,2058,24,repairs,critical account/other credits existing (outside this bank),4.0,0
435,25,male,single,skilled employee,1 - 4 years,own,none,1,< 0 DM,< 100 DM,2136,9,furniture/equipment,existing credits paid back duly,3.0,0
436,25,male,married/widowed,skilled employee,1 - 4 years,own,none,1,0 - 200 DM,unknown/no savings,1484,12,radio/television,existing credits paid back duly,2.0,1
437,23,male,married/widowed,unskilled employee,4 - 7 years,rent,none,1,no account,"500 - 1,000 DM",660,6,repairs,existing credits paid back duly,2.0,0
438,37,female,non-single/single,skilled employee,> 7 years,own,none,1,no account,"> 1,000 DM",1287,24,car (new),critical account/other credits existing (outside this bank),4.0,0
439,65,male,single,unemployed,unemployed,own,co-applicant,1,< 0 DM,< 100 DM,3394,42,repairs,critical account/other credits existing (outside this bank),4.0,0
440,26,female,non-single/single,unemployed,< 1 year,own,none,1,>= 200 DM,< 100 DM,609,12,business,all credits at this bank paid back duly,4.0,1
441,39,male,single,highly skilled employee,> 7 years,own,none,1,no account,< 100 DM,1884,12,car (new),existing credits paid back duly,4.0,0
442,30,female,non-single/single,skilled employee,1 - 4 years,own,co-applicant,1,< 0 DM,< 100 DM,1620,12,furniture/equipment,existing credits paid back duly,2.0,0
443,29,male,single,skilled employee,1 - 4 years,own,none,1,0 - 200 DM,< 100 DM,2629,20,other,delay paying off in the past,2.0,0
444,41,male,single,unskilled employee,> 7 years,own,none,2,no account,< 100 DM,719,12,education,existing credits paid back duly,4.0,1
445,30,female,non-single/single,highly skilled employee,1 - 4 years,own,none,1,0 - 200 DM,< 100 DM,5096,48,furniture/equipment,critical account/other credits existing (outside this bank),2.0,1
446,41,female,non-single/single,unskilled employee,> 7 years,rent,none,1,no account,unknown/no savings,1244,9,education,critical account/other credits existing (outside this bank),4.0,0
447,34,female,non-single/single,skilled employee,< 1 year,own,none,1,< 0 DM,< 100 DM,1842,36,car (new),existing credits paid back duly,4.0,1
448,35,male,single,skilled employee,1 - 4 years,own,gurantor,1,0 - 200 DM,< 100 DM,2576,7,radio/television,existing credits paid back duly,2.0,0
449,55,female,non-single/single,highly skilled employee,> 7 years,own,none,1,>= 200 DM,unknown/no savings,1424,12,furniture/equipment,existing credits paid back duly,3.0,0
450,61,male,married/widowed,skilled employee,1 - 4 years,own,none,1,0 - 200 DM,"> 1,000 DM",1512,15,repairs,delay paying off in the past,3.0,1
451,30,male,single,highly skilled employee,1 - 4 years,own,none,1,no account,unknown/no savings,11054,36,car (used),critical account/other credits existing (outside this bank),4.0,0
452,29,female,non-single/single,skilled employee,1 - 4 years,own,none,1,no account,< 100 DM,518,6,radio/television,existing credits paid back duly,3.0,0
453,34,male,single,skilled employee,> 7 years,own,none,1,no account,< 100 DM,2759,12,furniture/equipment,no credits/paid back duly,2.0,0
454,35,male,single,highly skilled employee,> 7 years,own,none,1,no account,< 100 DM,2670,24,car (used),existing credits paid back duly,4.0,0
455,31,male,single,skilled employee,4 - 7 years,own,co-applicant,1,< 0 DM,< 100 DM,4817,24,car (new),existing credits paid back duly,2.0,1
456,29,female,non-single/single,highly skilled employee,< 1 year,own,none,1,no account,< 100 DM,2679,24,car (used),existing credits paid back duly,4.0,0
457,36,male,single,skilled employee,1 - 4 years,rent,none,2,< 0 DM,< 100 DM,3905,11,car (new),critical account/other credits existing (outside this bank),2.0,0
458,35,male,single,skilled employee,> 7 years,for free,none,1,< 0 DM,< 100 DM,3386,12,car (used),existing credits paid back duly,3.0,1
459,27,female,non-single/single,skilled employee,< 1 year,own,none,1,< 0 DM,< 100 DM,343,6,domestic appliance,existing credits paid back duly,4.0,0
460,32,male,single,skilled employee,< 1 year,own,none,1,no account,< 100 DM,4594,18,radio/television,existing credits paid back duly,3.0,0
461,37,male,single,skilled employee,1 - 4 years,own,gurantor,2,< 0 DM,< 100 DM,3620,36,furniture/equipment,existing credits paid back duly,1.0,0
462,36,male,single,skilled employee,< 1 year,own,none,1,< 0 DM,< 100 DM,1721,15,car (new),existing credits paid back duly,2.0,0
463,34,female,non-single/single,highly skilled employee,< 1 year,rent,none,1,0 - 200 DM,< 100 DM,3017,12,furniture/equipment,existing credits paid back duly,3.0,0
464,38,male,single,skilled employee,> 7 years,own,none,1,0 - 200 DM,unknown/no savings,754,12,retraining,existing credits paid back duly,4.0,0
465,34,male,single,skilled employee,4 - 7 years,own,none,1,no account,< 100 DM,1950,18,business,existing credits paid back duly,4.0,0
466,63,male,single,skilled employee,1 - 4 years,own,gurantor,2,< 0 DM,< 100 DM,2924,24,car (used),existing credits paid back duly,3.0,0
467,29,female,non-single/single,unskilled employee,< 1 year,rent,none,1,< 0 DM,< 100 DM,1659,24,radio/television,delay paying off in the past,4.0,1
468,32,male,single,skilled employee,> 7 years,own,none,2,no account,unknown/no savings,7238,48,radio/television,delay paying off in the past,3.0,0
469,26,female,non-single/single,skilled employee,1 - 4 years,own,none,1,no account,< 100 DM,2764,33,business,delay paying off in the past,2.0,0
470,35,male,single,unskilled employee,4 - 7 years,own,none,1,no account,< 100 DM,4679,24,car (used),delay paying off in the past,3.0,0
471,22,male,married/widowed,skilled employee,< 1 year,rent,none,1,0 - 200 DM,100 - 500 DM,3092,24,radio/television,existing credits paid back duly,3.0,1
472,23,female,non-single/single,skilled employee,< 1 year,own,none,1,< 0 DM,< 100 DM,448,6,education,existing credits paid back duly,4.0,1
473,28,male,single,unskilled employee,1 - 4 years,own,none,1,< 0 DM,< 100 DM,654,9,car (new),existing credits paid back duly,4.0,1
474,36,male,single,highly skilled employee,unemployed,own,none,2,no account,unknown/no savings,1238,6,retraining,existing credits paid back duly,4.0,0
475,33,male,married/widowed,skilled employee,1 - 4 years,own,none,1,0 - 200 DM,< 100 DM,1245,18,radio/television,critical account/other credits existing (outside this bank),4.0,1
476,26,female,non-single/single,skilled employee,< 1 year,rent,none,1,< 0 DM,< 100 DM,3114,18,furniture/equipment,no credits/paid back duly,1.0,1
477,24,male,single,skilled employee,1 - 4 years,own,none,1,no account,"500 - 1,000 DM",2569,39,car (used),existing credits paid back duly,4.0,0
478,25,male,single,skilled employee,4 - 7 years,own,none,1,>= 200 DM,< 100 DM,5152,24,radio/television,existing credits paid back duly,4.0,0
479,39,male,single,unskilled employee,4 - 7 years,own,none,1,0 - 200 DM,100 - 500 DM,1037,12,business,existing credits paid back duly,3.0,0
480,44,male,single,skilled employee,> 7 years,own,none,2,< 0 DM,< 100 DM,1478,15,furniture/equipment,critical account/other credits existing (outside this bank),4.0,0
481,23,female,non-single/single,unskilled employee,1 - 4 years,own,none,1,0 - 200 DM,< 100 DM,3573,12,radio/television,critical account/other credits existing (outside this bank),1.0,0
482,26,male,single,skilled employee,< 1 year,own,none,1,0 - 200 DM,< 100 DM,1201,24,car (new),existing credits paid back duly,4.0,0
483,57,female,non-single/single,skilled employee,> 7 years,rent,none,1,< 0 DM,"> 1,000 DM",3622,30,furniture/equipment,existing credits paid back duly,4.0,0
484,30,female,non-single/single,skilled employee,4 - 7 years,own,none,1,no account,"> 1,000 DM",960,15,furniture/equipment,delay paying off in the past,3.0,0
485,44,male,single,skilled employee,1 - 4 years,own,none,1,no account,"500 - 1,000 DM",1163,12,car (new),critical account/other credits existing (outside this bank),4.0,0
486,47,male,single,highly skilled employee,unemployed,own,none,1,0 - 200 DM,< 100 DM,1209,6,car (new),delay paying off in the past,4.0,1
487,52,male,single,skilled employee,1 - 4 years,own,none,1,no account,< 100 DM,3077,12,radio/television,existing credits paid back duly,2.0,0
488,62,female,non-single/single,skilled employee,> 7 years,for free,co-applicant,1,no account,< 100 DM,3757,24,car (new),existing credits paid back duly,4.0,0
489,35,male,single,unskilled employee,1 - 4 years,rent,none,1,no account,100 - 500 DM,1418,10,car (new),existing credits paid back duly,3.0,0
490,26,male,single,skilled employee,1 - 4 years,rent,gurantor,1,no account,< 100 DM,3518,6,car (new),existing credits paid back duly,2.0,0
491,26,male,single,skilled employee,> 7 years,own,none,1,no account,< 100 DM,1934,12,radio/television,critical account/other credits existing (outside this bank),2.0,0
492,42,female,non-single/single,highly skilled employee,> 7 years,for free,none,1,0 - 200 DM,< 100 DM,8318,27,business,no credits/paid back duly,2.0,1
493,27,female,non-single/single,skilled employee,1 - 4 years,own,none,1,no account,100 - 500 DM,1237,6,radio/television,critical account/other credits existing (outside this bank),1.0,0
494,38,male,single,skilled employee,> 7 years,own,none,1,0 - 200 DM,unknown/no savings,368,6,radio/television,existing credits paid back duly,4.0,0
495,39,male,single,unskilled employee,1 - 4 years,rent,none,2,< 0 DM,< 100 DM,2122,12,car (new),critical account/other credits existing (outside this bank),3.0,0
496,20,male,married/widowed,skilled employee,1 - 4 years,own,none,1,< 0 DM,unknown/no savings,2996,24,furniture/equipment,existing credits paid back duly,2.0,1
497,29,male,single,highly skilled employee,< 1 year,rent,co-applicant,1,0 - 200 DM,100 - 500 DM,9034,36,furniture/equipment,existing credits paid back duly,4.0,1
498,40,male,single,skilled employee,4 - 7 years,own,none,1,no account,< 100 DM,1585,24,furniture/equipment,critical account/other credits existing (outside this bank),4.0,0
499,32,male,married/widowed,unskilled employee,> 7 years,own,gurantor,1,0 - 200 DM,< 100 DM,1301,18,radio/television,existing credits paid back duly,4.0,0
500,28,male,divorved/separated,skilled employee,> 7 years,own,none,2,>= 200 DM,100 - 500 DM,1323,6,car (new),critical account/other credits existing (outside this bank),2.0,0
501,27,female,non-single/single,skilled employee,< 1 year,own,none,1,< 0 DM,< 100 DM,3123,24,car (new),existing credits paid back duly,4.0,1
502,42,male,single,skilled employee,> 7 years,for free,none,2,< 0 DM,< 100 DM,5493,36,car (used),existing credits paid back duly,2.0,0
503,49,male,divorved/separated,skilled employee,> 7 years,own,none,1,>= 200 DM,100 - 500 DM,1126,9,radio/television,existing credits paid back duly,2.0,0
504,38,male,single,skilled employee,< 1 year,own,none,2,0 - 200 DM,100 - 500 DM,1216,24,radio/television,critical account/other credits existing (outside this bank),4.0,1
505,24,female,non-single/single,skilled employee,< 1 year,rent,none,1,< 0 DM,< 100 DM,1207,24,car (new),existing credits paid back duly,4.0,1
506,27,male,single,unskilled employee,1 - 4 years,own,gurantor,1,no account,unknown/no savings,1309,10,car (new),existing credits paid back duly,4.0,1
507,36,male,single,skilled employee,1 - 4 years,own,none,1,>= 200 DM,"500 - 1,000 DM",2360,15,car (used),critical account/other credits existing (outside this bank),2.0,0
508,34,male,single,highly skilled employee,unemployed,own,none,2,0 - 200 DM,100 - 500 DM,6850,15,car (new),all credits at this bank paid back duly,1.0,1
509,28,male,married/widowed,skilled employee,1 - 4 years,own,none,1,no account,< 100 DM,1413,24,radio/television,existing credits paid back duly,4.0,0
510,45,male,single,highly skilled employee,> 7 years,own,none,1,no account,100 - 500 DM,8588,39,car (used),existing credits paid back duly,4.0,0
511,26,male,single,skilled employee,4 - 7 years,own,none,1,< 0 DM,< 100 DM,759,12,car (new),existing credits paid back duly,4.0,1
512,32,male,single,highly skilled employee,1 - 4 years,for free,none,1,no account,< 100 DM,4686,36,car (used),existing credits paid back duly,2.0,0
513,26,male,single,skilled employee,4 - 7 years,rent,none,1,>= 200 DM,< 100 DM,2687,15,business,existing credits paid back duly,2.0,0
514,20,male,married/widowed,skilled employee,1 - 4 years,rent,co-applicant,1,0 - 200 DM,< 100 DM,585,12,radio/television,delay paying off in the past,4.0,0
515,54,male,single,skilled employee,< 1 year,own,none,1,no account,unknown/no savings,2255,24,car (new),existing credits paid back duly,4.0,0
516,37,female,non-single/single,skilled employee,4 - 7 years,own,none,1,< 0 DM,< 100 DM,609,6,car (new),critical account/other credits existing (outside this bank),4.0,0
517,40,male,single,unskilled employee,< 1 year,own,none,2,< 0 DM,< 100 DM,1361,6,car (new),critical account/other credits existing (outside this bank),2.0,0
518,23,female,non-single/single,skilled employee,< 1 year,rent,none,1,no account,< 100 DM,7127,36,furniture/equipment,critical account/other credits existing (outside this bank),2.0,1
519,43,male,single,skilled employee,> 7 years,own,none,1,< 0 DM,100 - 500 DM,1203,6,car (new),existing credits paid back duly,3.0,0
520,36,male,single,skilled employee,> 7 years,for free,none,1,no account,unknown/no savings,700,6,radio/television,critical account/other credits existing (outside this bank),4.0,0
521,44,male,single,skilled employee,> 7 years,for free,none,1,no account,< 100 DM,5507,24,repairs,critical account/other credits existing (outside this bank),3.0,0
522,24,female,non-single/single,skilled employee,1 - 4 years,own,none,1,< 0 DM,< 100 DM,3190,18,radio/television,existing credits paid back duly,2.0,1
523,53,male,single,skilled employee,1 - 4 years,for free,none,2,< 0 DM,< 100 DM,7119,48,furniture/equipment,no credits/paid back duly,3.0,1
524,23,female,non-single/single,skilled employee,4 - 7 years,own,none,1,no account,100 - 500 DM,3488,24,car (used),existing credits paid back duly,3.0,0
525,26,female,non-single/single,unskilled employee,1 - 4 years,own,gurantor,2,0 - 200 DM,< 100 DM,1113,18,radio/television,existing credits paid back duly,4.0,0
526,30,male,single,skilled employee,< 1 year,own,none,1,0 - 200 DM,< 100 DM,7966,26,car (used),existing credits paid back duly,2.0,0
527,31,female,non-single/single,skilled employee,1 - 4 years,own,none,1,no account,100 - 500 DM,1532,15,education,critical account/other credits existing (outside this bank),4.0,0
528,42,male,single,unskilled employee,4 - 7 years,own,none,2,no account,< 100 DM,1503,4,radio/television,critical account/other credits existing (outside this bank),2.0,0
529,31,male,divorved/separated,skilled employee,1 - 4 years,rent,none,1,< 0 DM,< 100 DM,2302,36,radio/television,existing credits paid back duly,4.0,1
530,41,male,single,unskilled employee,< 1 year,own,none,2,< 0 DM,< 100 DM,662,6,car (new),existing credits paid back duly,3.0,0
531,32,male,single,skilled employee,4 - 7 years,own,none,2,0 - 200 DM,< 100 DM,2273,36,education,existing credits paid back duly,3.0,0
532,28,female,non-single/single,skilled employee,1 - 4 years,rent,none,1,0 - 200 DM,100 - 500 DM,2631,15,car (new),existing credits paid back duly,2.0,1
533,41,male,married/widowed,skilled employee,1 - 4 years,rent,none,1,no account,< 100 DM,1503,12,car (used),delay paying off in the past,4.0,0
534,26,male,married/widowed,skilled employee,4 - 7 years,own,none,1,no account,100 - 500 DM,1311,24,radio/television,existing credits paid back duly,4.0,0
535,25,male,single,skilled employee,< 1 year,own,none,1,no account,unknown/no savings,3105,24,radio/television,existing credits paid back duly,4.0,0
536,33,male,divorved/separated,skilled employee,< 1 year,rent,none,1,>= 200 DM,< 100 DM,2319,21,education,critical account/other credits existing (outside this bank),2.0,1
537,75,female,non-single/single,highly skilled employee,unemployed,own,none,1,< 0 DM,unknown/no savings,1374,6,car (new),existing credits paid back duly,4.0,0
538,37,female,non-single/single,skilled employee,> 7 years,own,none,1,0 - 200 DM,< 100 DM,3612,18,furniture/equipment,critical account/other credits existing (outside this bank),3.0,0
539,42,male,single,highly skilled employee,> 7 years,for free,none,1,< 0 DM,< 100 DM,7763,48,car (new),existing credits paid back duly,4.0,1
540,45,female,non-single/single,unskilled employee,< 1 year,own,none,1,>= 200 DM,< 100 DM,3049,18,furniture/equipment,existing credits paid back duly,1.0,0
541,23,male,married/widowed,skilled employee,< 1 year,rent,none,1,0 - 200 DM,< 100 DM,1534,12,radio/television,existing credits paid back duly,1.0,1
542,60,male,single,skilled employee,> 7 years,for free,none,1,no account,< 100 DM,2032,24,car (new),delay paying off in the past,4.0,0
543,31,male,single,skilled employee,> 7 years,own,none,1,< 0 DM,unknown/no savings,6350,30,furniture/equipment,existing credits paid back duly,4.0,1
544,34,male,single,unskilled employee,1 - 4 years,own,none,2,>= 200 DM,< 100 DM,2864,18,furniture/equipment,existing credits paid back duly,2.0,1
545,61,male,single,unskilled employee,> 7 years,own,none,1,no account,< 100 DM,1255,12,car (new),critical account/other credits existing (outside this bank),4.0,0
546,43,male,single,skilled employee,unemployed,for free,none,2,< 0 DM,< 100 DM,1333,24,car (new),delay paying off in the past,4.0,1
547,37,female,non-single/single,skilled employee,1 - 4 years,own,none,1,no account,< 100 DM,2022,24,car (new),critical account/other credits existing (outside this bank),4.0,0
548,32,male,single,skilled employee,4 - 7 years,own,none,2,no account,< 100 DM,1552,24,radio/television,existing credits paid back duly,3.0,0
549,24,female,non-single/single,unskilled employee,1 - 4 years,own,none,1,< 0 DM,< 100 DM,626,12,radio/television,all credits at this bank paid back duly,4.0,1
550,35,male,single,skilled employee,4 - 7 years,for free,none,1,no account,unknown/no savings,8858,48,car (used),critical account/other credits existing (outside this bank),2.0,0
551,23,female,non-single/single,skilled employee,4 - 7 years,own,none,1,no account,unknown/no savings,996,12,repairs,critical account/other credits existing (outside this bank),4.0,0
552,45,male,single,unskilled employee,> 7 years,own,none,2,no account,"500 - 1,000 DM",1750,6,radio/television,all credits at this bank paid back duly,2.0,0
553,34,male,married/widowed,skilled employee,4 - 7 years,own,gurantor,1,< 0 DM,< 100 DM,6999,48,radio/television,existing credits paid back duly,1.0,1
554,27,male,single,skilled employee,< 1 year,own,none,1,0 - 200 DM,100 - 500 DM,1995,12,car (new),critical account/other credits existing (outside this bank),4.0,0
555,67,female,non-single/single,highly skilled employee,4 - 7 years,own,none,1,0 - 200 DM,< 100 DM,1199,9,education,existing credits paid back duly,4.0,0
556,22,male,single,skilled employee,< 1 year,own,none,1,0 - 200 DM,< 100 DM,1331,12,radio/television,existing credits paid back duly,2.0,1
557,28,female,non-single/single,skilled employee,< 1 year,own,none,1,0 - 200 DM,100 - 500 DM,2278,18,car (new),no credits/paid back duly,3.0,1
558,29,female,non-single/single,skilled employee,1 - 4 years,own,none,1,no account,unknown/no savings,5003,21,car (new),no credits/paid back duly,1.0,1
559,27,male,single,skilled employee,4 - 7 years,own,none,1,< 0 DM,< 100 DM,3552,24,furniture/equipment,all credits at this bank paid back duly,3.0,1
560,31,male,single,unskilled employee,< 1 year,own,none,1,0 - 200 DM,< 100 DM,1928,18,furniture/equipment,critical account/other credits existing (outside this bank),2.0,1
561,49,male,single,skilled employee,> 7 years,for free,none,2,< 0 DM,unknown/no savings,2964,24,car (used),existing credits paid back duly,4.0,0
562,24,male,single,unskilled employee,4 - 7 years,rent,gurantor,1,< 0 DM,< 100 DM,1546,24,radio/television,all credits at this bank paid back duly,4.0,1
563,29,female,non-single/single,skilled employee,< 1 year,own,none,1,>= 200 DM,< 100 DM,683,6,radio/television,delay paying off in the past,2.0,0
564,37,male,single,skilled employee,1 - 4 years,for free,none,1,0 - 200 DM,unknown/no savings,12389,36,car (new),existing credits paid back duly,1.0,1
565,37,male,single,highly skilled employee,1 - 4 years,own,none,1,0 - 200 DM,unknown/no savings,4712,24,business,delay paying off in the past,4.0,0
566,23,female,non-single/single,skilled employee,4 - 7 years,rent,none,1,0 - 200 DM,100 - 500 DM,1553,24,radio/television,delay paying off in the past,3.0,0
567,36,male,divorved/separated,skilled employee,4 - 7 years,own,none,1,< 0 DM,< 100 DM,1372,12,car (new),existing credits paid back duly,2.0,1
568,34,male,single,skilled employee,> 7 years,own,none,1,no account,"> 1,000 DM",2578,24,radio/television,critical account/other credits existing (outside this bank),2.0,0
569,41,male,single,skilled employee,4 - 7 years,own,none,2,0 - 200 DM,unknown/no savings,3979,48,radio/television,existing credits paid back duly,4.0,0
570,31,female,non-single/single,skilled employee,1 - 4 years,own,none,1,< 0 DM,< 100 DM,6758,48,radio/television,existing credits paid back duly,3.0,1
571,23,female,non-single/single,unskilled employee,< 1 year,rent,none,1,< 0 DM,< 100 DM,3234,24,furniture/equipment,existing credits paid back duly,4.0,1
572,38,male,single,skilled employee,4 - 7 years,own,co-applicant,1,no account,< 100 DM,5954,30,radio/television,critical account/other credits existing (outside this bank),3.0,0
573,26,female,non-single/single,highly skilled employee,unemployed,rent,none,1,no account,unknown/no savings,5433,24,car (used),existing credits paid back duly,2.0,0
574,22,female,non-single/single,unskilled employee,1 - 4 years,own,none,1,< 0 DM,< 100 DM,806,15,business,existing credits paid back duly,4.0,0
575,27,male,single,unskilled employee,> 7 years,own,none,1,0 - 200 DM,< 100 DM,1082,9,radio/television,existing credits paid back duly,4.0,0
576,24,female,non-single/single,skilled employee,4 - 7 years,own,co-applicant,1,no account,< 100 DM,2788,15,furniture/equipment,critical account/other credits existing (outside this bank),2.0,0
577,27,female,non-single/single,skilled employee,4 - 7 years,own,none,1,0 - 200 DM,< 100 DM,2930,12,radio/television,existing credits paid back duly,2.0,0
578,33,female,non-single/single,skilled employee,1 - 4 years,own,none,1,no account,unknown/no savings,1927,24,education,critical account/other credits existing (outside this bank),3.0,0
579,27,male,divorved/separated,skilled employee,< 1 year,own,none,1,0 - 200 DM,< 100 DM,2820,36,car (new),critical account/other credits existing (outside this bank),4.0,1
580,27,male,married/widowed,unskilled employee,< 1 year,own,none,1,no account,< 100 DM,937,24,retraining,existing credits paid back duly,4.0,0
581,30,male,single,skilled employee,> 7 years,own,gurantor,1,0 - 200 DM,< 100 DM,1056,18,car (new),critical account/other credits existing (outside this bank),3.0,1
582,49,male,single,unskilled employee,< 1 year,own,none,2,0 - 200 DM,< 100 DM,3124,12,car (new),critical account/other credits existing (outside this bank),1.0,0
583,26,female,non-single/single,skilled employee,1 - 4 years,rent,none,1,no account,< 100 DM,1388,9,furniture/equipment,existing credits paid back duly,4.0,0
584,33,male,single,unskilled employee,< 1 year,rent,none,1,0 - 200 DM,< 100 DM,2384,36,repairs,existing credits paid back duly,4.0,1
585,52,female,non-single/single,highly skilled employee,> 7 years,for free,none,1,no account,unknown/no savings,2133,12,car (new),existing credits paid back duly,4.0,0
586,20,female,non-single/single,skilled employee,1 - 4 years,rent,none,1,< 0 DM,< 100 DM,2039,18,furniture/equipment,existing credits paid back duly,1.0,1
587,36,male,single,skilled employee,1 - 4 years,rent,none,2,< 0 DM,< 100 DM,2799,9,car (new),critical account/other credits existing (outside this bank),2.0,0
588,21,male,single,unskilled employee,1 - 4 years,own,gurantor,1,< 0 DM,< 100 DM,1289,12,furniture/equipment,existing credits paid back duly,4.0,0
589,47,male,married/widowed,unskilled employee,1 - 4 years,own,none,1,< 0 DM,< 100 DM,1217,18,domestic appliance,existing credits paid back duly,4.0,1
590,60,male,single,skilled employee,> 7 years,own,none,1,< 0 DM,< 100 DM,2246,12,furniture/equipment,critical account/other credits existing (outside this bank),3.0,1
591,58,female,non-single/single,unskilled employee,4 - 7 years,own,none,1,< 0 DM,< 100 DM,385,12,radio/television,critical account/other credits existing (outside this bank),4.0,0
592,42,female,non-single/single,skilled employee,1 - 4 years,rent,none,1,0 - 200 DM,unknown/no savings,1965,24,car (new),delay paying off in the past,4.0,0
593,36,female,non-single/single,unskilled employee,> 7 years,own,none,1,no account,"> 1,000 DM",1572,21,business,existing credits paid back duly,4.0,0
594,20,female,non-single/single,unskilled employee,1 - 4 years,rent,none,1,0 - 200 DM,< 100 DM,2718,24,car (new),existing credits paid back duly,3.0,1
595,40,male,single,highly skilled employee,> 7 years,own,none,1,< 0 DM,unknown/no savings,1358,24,other,all credits at this bank paid back duly,4.0,1
596,32,female,non-single/single,unskilled employee,< 1 year,own,none,1,0 - 200 DM,100 - 500 DM,931,6,car (new),all credits at this bank paid back duly,1.0,1
597,23,female,non-single/single,skilled employee,4 - 7 years,rent,none,1,< 0 DM,< 100 DM,1442,24,car (new),existing credits paid back duly,4.0,1
598,36,male,single,unskilled employee,1 - 4 years,own,none,1,0 - 200 DM,< 100 DM,4241,24,business,no credits/paid back duly,1.0,1
599,31,male,single,skilled employee,4 - 7 years,own,none,1,no account,< 100 DM,2775,18,car (new),critical account/other credits existing (outside this bank),2.0,1
600,32,male,single,skilled employee,1 - 4 years,for free,none,1,no account,< 100 DM,3863,24,business,delay paying off in the past,1.0,0
601,45,female,non-single/single,skilled employee,< 1 year,own,gurantor,1,0 - 200 DM,< 100 DM,2329,7,radio/television,existing credits paid back duly,1.0,0
602,30,female,non-single/single,skilled employee,1 - 4 years,own,none,1,0 - 200 DM,< 100 DM,918,9,furniture/equipment,existing credits paid back duly,4.0,1
603,34,female,non-single/single,unskilled employee,4 - 7 years,for free,none,1,0 - 200 DM,< 100 DM,1837,24,education,all credits at this bank paid back duly,4.0,1
604,28,female,non-single/single,highly skilled employee,1 - 4 years,own,none,1,no account,< 100 DM,3349,36,furniture/equipment,existing credits paid back duly,4.0,1
605,23,female,non-single/single,skilled employee,< 1 year,own,none,1,>= 200 DM,< 100 DM,1275,10,furniture/equipment,existing credits paid back duly,4.0,0
606,22,male,single,skilled employee,1 - 4 years,own,none,1,< 0 DM,"500 - 1,000 DM",2828,24,furniture/equipment,all credits at this bank paid back duly,4.0,0
607,74,male,single,highly skilled employee,1 - 4 years,own,none,1,no account,< 100 DM,4526,24,business,critical account/other credits existing (outside this bank),3.0,0
608,50,female,non-single/single,skilled employee,1 - 4 years,for free,co-applicant,1,0 - 200 DM,100 - 500 DM,2671,36,radio/television,existing credits paid back duly,4.0,1
609,33,male,single,skilled employee,< 1 year,own,none,1,no account,< 100 DM,2051,18,radio/television,existing credits paid back duly,4.0,0
610,45,male,single,skilled employee,> 7 years,for free,none,2,no account,unknown/no savings,1300,15,car (used),existing credits paid back duly,4.0,0
611,22,female,non-single/single,skilled employee,unemployed,own,none,1,< 0 DM,100 - 500 DM,741,12,domestic appliance,existing credits paid back duly,4.0,1
612,48,female,non-single/single,unskilled employee,> 7 years,for free,none,2,>= 200 DM,100 - 500 DM,1240,10,car (new),existing credits paid back duly,1.0,1
613,29,female,non-single/single,skilled employee,< 1 year,own,none,1,< 0 DM,"> 1,000 DM",3357,21,radio/television,existing credits paid back duly,4.0,0
614,22,female,non-single/single,skilled employee,1 - 4 years,rent,gurantor,1,< 0 DM,< 100 DM,3632,24,car (used),all credits at this bank paid back duly,1.0,0
615,22,female,non-single/single,skilled employee,4 - 7 years,own,none,1,no account,< 100 DM,1808,18,furniture/equipment,delay paying off in the past,4.0,1
616,48,male,single,highly skilled employee,1 - 4 years,own,none,1,0 - 200 DM,unknown/no savings,12204,48,business,no credits/paid back duly,2.0,0
617,27,male,single,highly skilled employee,1 - 4 years,for free,none,1,0 - 200 DM,unknown/no savings,9157,60,radio/television,delay paying off in the past,2.0,0
618,37,male,single,skilled employee,1 - 4 years,rent,none,2,< 0 DM,< 100 DM,3676,6,car (new),critical account/other credits existing (outside this bank),1.0,0
619,21,female,non-single/single,skilled employee,1 - 4 years,rent,co-applicant,1,0 - 200 DM,100 - 500 DM,3441,30,furniture/equipment,existing credits paid back duly,2.0,1
620,49,male,divorved/separated,unskilled employee,1 - 4 years,own,none,1,no account,< 100 DM,640,12,car (new),existing credits paid back duly,4.0,0
621,27,male,single,skilled employee,4 - 7 years,own,none,1,0 - 200 DM,< 100 DM,3652,21,business,critical account/other credits existing (outside this bank),2.0,0
622,32,male,single,skilled employee,1 - 4 years,own,none,1,no account,< 100 DM,1530,18,car (new),critical account/other credits existing (outside this bank),3.0,1
623,38,male,divorved/separated,skilled employee,1 - 4 years,own,none,1,no account,unknown/no savings,3914,48,business,existing credits paid back duly,4.0,1
624,22,female,non-single/single,skilled employee,< 1 year,rent,none,1,< 0 DM,< 100 DM,1858,12,furniture/equipment,existing credits paid back duly,4.0,0
625,65,male,single,skilled employee,1 - 4 years,for free,none,1,< 0 DM,< 100 DM,2600,18,radio/television,existing credits paid back duly,4.0,1
626,35,male,single,skilled employee,> 7 years,own,none,1,no account,unknown/no savings,1979,15,radio/television,existing credits paid back duly,4.0,0
627,41,male,single,skilled employee,1 - 4 years,own,none,1,>= 200 DM,< 100 DM,2116,6,furniture/equipment,existing credits paid back duly,2.0,0
628,29,male,single,skilled employee,4 - 7 years,own,none,1,0 - 200 DM,100 - 500 DM,1437,9,car (new),all credits at this bank paid back duly,2.0,1
629,36,male,single,skilled employee,1 - 4 years,own,none,1,no account,"500 - 1,000 DM",4042,42,furniture/equipment,critical account/other credits existing (outside this bank),4.0,0
630,64,male,single,unskilled employee,> 7 years,own,none,1,no account,unknown/no savings,3832,9,education,existing credits paid back duly,1.0,0
631,28,female,non-single/single,skilled employee,1 - 4 years,own,none,1,< 0 DM,< 100 DM,3660,24,radio/television,existing credits paid back duly,2.0,0
632,44,male,single,skilled employee,1 - 4 years,own,none,1,< 0 DM,< 100 DM,1553,18,furniture/equipment,all credits at this bank paid back duly,4.0,1
633,23,male,single,skilled employee,< 1 year,own,none,1,0 - 200 DM,unknown/no savings,1444,15,radio/television,existing credits paid back duly,4.0,0
634,19,female,non-single/single,skilled employee,< 1 year,rent,co-applicant,1,no account,< 100 DM,1980,9,furniture/equipment,existing credits paid back duly,2.0,1
635,25,female,non-single/single,unskilled employee,< 1 year,own,none,1,0 - 200 DM,< 100 DM,1355,24,car (new),existing credits paid back duly,3.0,1
636,47,male,single,skilled employee,> 7 years,own,none,2,no account,< 100 DM,1393,12,education,existing credits paid back duly,4.0,0
637,28,female,non-single/single,skilled employee,4 - 7 years,own,none,1,no account,"500 - 1,000 DM",1376,24,radio/television,existing credits paid back duly,4.0,0
638,21,male,single,skilled employee,4 - 7 years,own,none,1,no account,< 100 DM,15653,60,radio/television,delay paying off in the past,2.0,0
639,34,female,non-single/single,skilled employee,< 1 year,own,none,2,no account,< 100 DM,1493,12,radio/television,existing credits paid back duly,4.0,0
640,26,male,single,skilled employee,4 - 7 years,own,none,2,< 0 DM,< 100 DM,4370,42,radio/television,delay paying off in the past,3.0,1
641,27,female,non-single/single,unemployed,unemployed,own,none,1,< 0 DM,< 100 DM,750,18,education,existing credits paid back duly,4.0,1
642,38,male,single,unskilled employee,> 7 years,own,none,1,0 - 200 DM,< 100 DM,1308,15,repairs,existing credits paid back duly,4.0,0
643,40,male,single,highly skilled employee,1 - 4 years,own,none,1,no account,100 - 500 DM,4623,15,education,existing credits paid back duly,3.0,1
644,33,male,married/widowed,skilled employee,4 - 7 years,own,gurantor,1,no account,< 100 DM,1851,24,radio/television,critical account/other credits existing (outside this bank),4.0,0
645,32,male,married/widowed,highly skilled employee,4 - 7 years,own,none,1,< 0 DM,< 100 DM,1880,18,radio/television,critical account/other credits existing (outside this bank),4.0,0
646,27,male,single,skilled employee,< 1 year,rent,none,1,no account,unknown/no savings,7980,36,business,delay paying off in the past,4.0,1
647,32,male,divorved/separated,skilled employee,1 - 4 years,own,gurantor,1,< 0 DM,< 100 DM,4583,30,furniture/equipment,no credits/paid back duly,2.0,0
648,26,female,non-single/single,skilled employee,1 - 4 years,own,none,1,no account,"500 - 1,000 DM",1386,12,car (new),existing credits paid back duly,2.0,1
649,38,male,single,skilled employee,4 - 7 years,for free,none,2,>= 200 DM,< 100 DM,947,24,car (new),existing credits paid back duly,4.0,1
650,40,male,single,unskilled employee,1 - 4 years,rent,none,2,< 0 DM,< 100 DM,684,12,education,existing credits paid back duly,4.0,1
651,50,male,single,highly skilled employee,4 - 7 years,for free,none,1,< 0 DM,< 100 DM,7476,48,education,existing credits paid back duly,4.0,0
652,37,male,single,unskilled employee,1 - 4 years,own,none,1,0 - 200 DM,< 100 DM,1922,12,furniture/equipment,existing credits paid back duly,4.0,1
653,45,male,single,skilled employee,> 7 years,own,co-applicant,1,< 0 DM,< 100 DM,2303,24,car (new),existing credits paid back duly,4.0,1
654,42,male,single,highly skilled employee,> 7 years,own,none,1,0 - 200 DM,100 - 500 DM,8086,36,car (new),delay paying off in the past,2.0,1
655,35,male,single,skilled employee,4 - 7 years,own,none,1,no account,< 100 DM,2346,24,car (used),critical account/other credits existing (outside this bank),4.0,0
656,22,male,single,skilled employee,unemployed,for free,none,1,< 0 DM,< 100 DM,3973,14,car (new),existing credits paid back duly,1.0,0
657,41,male,single,unskilled employee,> 7 years,own,none,2,0 - 200 DM,< 100 DM,888,12,car (new),existing credits paid back duly,4.0,1
658,37,male,single,skilled employee,4 - 7 years,own,none,1,no account,unknown/no savings,10222,48,radio/television,existing credits paid back duly,4.0,0
659,28,female,non-single/single,skilled employee,1 - 4 years,own,none,1,0 - 200 DM,< 100 DM,4221,30,business,no credits/paid back duly,2.0,0
660,41,male,single,skilled employee,> 7 years,own,none,1,0 - 200 DM,< 100 DM,6361,18,furniture/equipment,critical account/other credits existing (outside this bank),2.0,0
661,23,male,married/widowed,skilled employee,1 - 4 years,rent,none,1,>= 200 DM,< 100 DM,1297,12,radio/television,existing credits paid back duly,3.0,0
662,23,male,married/widowed,skilled employee,1 - 4 years,own,none,1,< 0 DM,unknown/no savings,900,12,car (new),existing credits paid back duly,4.0,1
663,50,male,single,skilled employee,> 7 years,own,none,1,no account,< 100 DM,2241,21,furniture/equipment,existing credits paid back duly,4.0,0
664,35,male,single,highly skilled employee,unemployed,own,none,1,0 - 200 DM,< 100 DM,1050,6,furniture/equipment,delay paying off in the past,4.0,0
665,50,female,non-single/single,unskilled employee,1 - 4 years,own,none,1,>= 200 DM,< 100 DM,1047,6,education,critical account/other credits existing (outside this bank),2.0,0
666,27,male,single,highly skilled employee,unemployed,own,co-applicant,1,no account,< 100 DM,6314,24,other,critical account/other credits existing (outside this bank),4.0,0
667,34,male,single,skilled employee,1 - 4 years,own,none,2,0 - 200 DM,"> 1,000 DM",3496,30,furniture/equipment,all credits at this bank paid back duly,4.0,0
668,27,female,non-single/single,skilled employee,1 - 4 years,own,none,1,no account,< 100 DM,3609,48,business,all credits at this bank paid back duly,1.0,0
669,43,male,single,skilled employee,> 7 years,rent,co-applicant,1,< 0 DM,< 100 DM,4843,12,car (new),critical account/other credits existing (outside this bank),3.0,1
670,47,male,single,skilled employee,> 7 years,own,none,1,>= 200 DM,< 100 DM,3017,30,radio/television,critical account/other credits existing (outside this bank),4.0,0
671,27,male,single,unskilled employee,1 - 4 years,own,none,1,no account,100 - 500 DM,4139,24,business,critical account/other credits existing (outside this bank),3.0,0
672,31,male,single,skilled employee,4 - 7 years,own,none,1,no account,100 - 500 DM,5742,36,business,existing credits paid back duly,2.0,0
673,42,male,single,highly skilled employee,> 7 years,own,none,1,no account,< 100 DM,10366,60,car (new),existing credits paid back duly,2.0,0
674,24,male,married/widowed,skilled employee,1 - 4 years,own,none,1,no account,"500 - 1,000 DM",2080,6,car (new),critical account/other credits existing (outside this bank),1.0,0
675,41,male,single,unskilled employee,< 1 year,own,none,2,no account,"500 - 1,000 DM",2580,21,business,delay paying off in the past,4.0,1
676,26,female,non-single/single,highly skilled employee,4 - 7 years,rent,none,1,no account,< 100 DM,4530,30,radio/television,critical account/other credits existing (outside this bank),4.0,0
677,33,male,single,skilled employee,> 7 years,own,none,1,no account,< 100 DM,5150,24,furniture/equipment,critical account/other credits existing (outside this bank),4.0,0
678,24,male,married/widowed,skilled employee,1 - 4 years,own,none,1,0 - 200 DM,100 - 500 DM,5595,72,radio/television,existing credits paid back duly,2.0,1
679,64,male,single,unskilled employee,> 7 years,rent,none,1,< 0 DM,< 100 DM,2384,24,radio/television,existing credits paid back duly,4.0,0
680,26,female,non-single/single,skilled employee,< 1 year,own,none,1,no account,< 100 DM,1453,18,radio/television,existing credits paid back duly,3.0,0
681,56,female,non-single/single,skilled employee,< 1 year,own,none,1,no account,< 100 DM,1538,6,education,existing credits paid back duly,1.0,0
682,37,male,single,skilled employee,1 - 4 years,for free,none,1,no account,unknown/no savings,2279,12,radio/television,existing credits paid back duly,4.0,0
683,33,male,married/widowed,skilled employee,1 - 4 years,own,none,1,no account,< 100 DM,1478,15,radio/television,delay paying off in the past,4.0,0
684,47,male,married/widowed,skilled employee,< 1 year,for free,none,1,no account,< 100 DM,5103,24,radio/television,critical account/other credits existing (outside this bank),3.0,0
685,31,male,single,unskilled employee,4 - 7 years,own,none,2,0 - 200 DM,100 - 500 DM,9857,36,business,delay paying off in the past,1.0,0
686,34,male,single,skilled employee,1 - 4 years,for free,none,2,no account,unknown/no savings,6527,60,car (new),existing credits paid back duly,4.0,0
687,27,male,single,skilled employee,4 - 7 years,own,none,1,>= 200 DM,unknown/no savings,1347,10,radio/television,critical account/other credits existing (outside this bank),4.0,0
688,30,male,single,skilled employee,> 7 years,for free,none,1,0 - 200 DM,100 - 500 DM,2862,36,car (new),delay paying off in the past,4.0,0
689,35,male,single,skilled employee,> 7 years,own,co-applicant,1,no account,100 - 500 DM,2753,9,radio/television,existing credits paid back duly,3.0,0
690,31,male,single,skilled employee,1 - 4 years,own,none,2,< 0 DM,"> 1,000 DM",3651,12,car (new),existing credits paid back duly,1.0,0
691,25,male,divorved/separated,skilled employee,1 - 4 years,own,none,1,< 0 DM,< 100 DM,975,15,furniture/equipment,critical account/other credits existing (outside this bank),2.0,0
692,25,female,non-single/single,unskilled employee,1 - 4 years,own,none,1,0 - 200 DM,100 - 500 DM,2631,15,repairs,existing credits paid back duly,3.0,0
693,29,male,single,skilled employee,< 1 year,own,none,1,0 - 200 DM,100 - 500 DM,2896,24,radio/television,existing credits paid back duly,2.0,0
694,44,male,single,unskilled employee,< 1 year,own,none,2,< 0 DM,unknown/no savings,4716,6,car (new),critical account/other credits existing (outside this bank),1.0,0
695,28,male,single,skilled employee,4 - 7 years,own,none,1,no account,< 100 DM,2284,24,radio/television,existing credits paid back duly,4.0,0
696,50,male,single,skilled employee,1 - 4 years,rent,none,1,no account,"500 - 1,000 DM",1236,6,car (used),existing credits paid back duly,2.0,0
697,29,male,single,skilled employee,4 - 7 years,own,gurantor,1,0 - 200 DM,< 100 DM,1103,12,radio/television,existing credits paid back duly,4.0,0
698,38,female,non-single/single,unemployed,unemployed,own,none,1,no account,< 100 DM,926,12,car (new),critical account/other credits existing (outside this bank),1.0,0
699,24,male,single,skilled employee,1 - 4 years,own,none,1,no account,< 100 DM,1800,18,radio/television,critical account/other credits existing (outside this bank),4.0,0
700,40,male,single,highly skilled employee,> 7 years,rent,none,1,>= 200 DM,< 100 DM,1905,15,education,existing credits paid back duly,4.0,0
701,29,female,non-single/single,unskilled employee,1 - 4 years,rent,none,1,no account,"500 - 1,000 DM",1123,12,furniture/equipment,existing credits paid back duly,4.0,1
702,46,male,single,skilled employee,> 7 years,for free,none,1,< 0 DM,< 100 DM,6331,48,car (used),critical account/other credits existing (outside this bank),4.0,1
703,47,female,non-single/single,skilled employee,> 7 years,for free,none,1,>= 200 DM,100 - 500 DM,1377,24,radio/television,existing credits paid back duly,4.0,0
704,41,male,single,skilled employee,> 7 years,own,none,1,0 - 200 DM,100 - 500 DM,2503,30,business,delay paying off in the past,4.0,0
705,32,female,non-single/single,skilled employee,< 1 year,own,none,2,0 - 200 DM,< 100 DM,2528,27,business,existing credits paid back duly,4.0,0
706,35,female,non-single/single,skilled employee,> 7 years,for free,none,1,no account,"500 - 1,000 DM",5324,15,car (new),existing credits paid back duly,1.0,0
707,24,male,single,skilled employee,4 - 7 years,own,none,1,0 - 200 DM,100 - 500 DM,6560,48,car (new),existing credits paid back duly,3.0,1
708,25,female,non-single/single,skilled employee,< 1 year,rent,none,1,0 - 200 DM,< 100 DM,2969,12,furniture/equipment,no credits/paid back duly,4.0,1
709,25,female,non-single/single,skilled employee,> 7 years,own,none,1,0 - 200 DM,< 100 DM,1206,9,radio/television,existing credits paid back duly,4.0,0
710,37,male,single,unskilled employee,1 - 4 years,own,none,2,0 - 200 DM,< 100 DM,2118,9,radio/television,existing credits paid back duly,2.0,0
711,32,male,single,highly skilled employee,> 7 years,own,none,1,no account,"500 - 1,000 DM",629,18,radio/television,critical account/other credits existing (outside this bank),4.0,0
712,35,female,non-single/single,skilled employee,> 7 years,for free,none,1,< 0 DM,< 100 DM,1198,6,education,all credits at this bank paid back duly,4.0,1
713,46,male,single,highly skilled employee,> 7 years,own,none,1,no account,unknown/no savings,2476,21,car (used),existing credits paid back duly,4.0,0
714,25,male,single,unskilled employee,1 - 4 years,own,none,1,< 0 DM,< 100 DM,1138,9,radio/television,critical account/other credits existing (outside this bank),4.0,0
715,27,male,single,highly skilled employee,4 - 7 years,own,none,1,0 - 200 DM,< 100 DM,14027,60,car (new),existing credits paid back duly,4.0,1
716,63,male,single,skilled employee,> 7 years,own,none,1,no account,unknown/no savings,7596,30,car (used),critical account/other credits existing (outside this bank),1.0,0
717,40,male,single,skilled employee,> 7 years,own,none,2,no account,unknown/no savings,3077,30,radio/television,critical account/other credits existing (outside this bank),3.0,0
718,32,male,single,highly skilled employee,1 - 4 years,for free,none,1,no account,< 100 DM,1505,18,radio/television,existing credits paid back duly,4.0,0
719,31,male,single,skilled employee,1 - 4 years,own,none,1,>= 200 DM,unknown/no savings,3148,24,radio/television,critical account/other credits existing (outside this bank),3.0,0
720,31,male,married/widowed,skilled employee,> 7 years,own,none,1,0 - 200 DM,100 - 500 DM,6148,20,car (used),no credits/paid back duly,3.0,0
721,34,male,single,highly skilled employee,< 1 year,own,none,1,>= 200 DM,< 100 DM,1337,9,radio/television,no credits/paid back duly,4.0,1
722,24,female,non-single/single,skilled employee,< 1 year,rent,none,2,0 - 200 DM,"> 1,000 DM",433,6,education,all credits at this bank paid back duly,4.0,1
723,24,female,non-single/single,unskilled employee,1 - 4 years,own,none,1,< 0 DM,< 100 DM,1228,12,car (new),existing credits paid back duly,4.0,1
724,66,female,non-single/single,unskilled employee,1 - 4 years,own,none,1,0 - 200 DM,"500 - 1,000 DM",790,9,radio/television,existing credits paid back duly,4.0,0
725,21,female,non-single/single,skilled employee,1 - 4 years,rent,none,1,no account,< 100 DM,2570,27,car (new),existing credits paid back duly,3.0,1
726,41,female,non-single/single,unskilled employee,1 - 4 years,own,none,1,no account,"> 1,000 DM",250,6,car (new),critical account/other credits existing (outside this bank),2.0,0
727,47,male,married/widowed,unskilled employee,1 - 4 years,own,none,1,no account,"500 - 1,000 DM",1316,15,radio/television,critical account/other credits existing (outside this bank),2.0,0
728,25,female,non-single/single,skilled employee,1 - 4 years,rent,none,1,< 0 DM,< 100 DM,1882,18,radio/television,existing credits paid back duly,4.0,1
729,59,female,non-single/single,skilled employee,> 7 years,rent,none,1,0 - 200 DM,< 100 DM,6416,48,business,all credits at this bank paid back duly,4.0,1
730,36,male,divorved/separated,skilled employee,1 - 4 years,own,none,1,>= 200 DM,"> 1,000 DM",1275,24,business,critical account/other credits existing (outside this bank),2.0,0
731,33,male,single,skilled employee,< 1 year,own,none,1,0 - 200 DM,< 100 DM,6403,24,radio/television,delay paying off in the past,1.0,0
732,21,male,single,unskilled employee,1 - 4 years,rent,none,2,< 0 DM,< 100 DM,1987,24,radio/television,existing credits paid back duly,2.0,1
733,44,female,non-single/single,unskilled employee,4 - 7 years,own,gurantor,1,0 - 200 DM,< 100 DM,760,8,radio/television,existing credits paid back duly,4.0,0
734,28,female,non-single/single,skilled employee,1 - 4 years,rent,none,1,no account,"> 1,000 DM",2603,24,car (used),existing credits paid back duly,2.0,0
735,37,female,non-single/single,skilled employee,4 - 7 years,own,none,2,no account,< 100 DM,3380,4,car (new),critical account/other credits existing (outside this bank),1.0,0
736,29,female,non-single/single,unemployed,< 1 year,own,none,1,0 - 200 DM,unknown/no savings,3990,36,domestic appliance,all credits at this bank paid back duly,3.0,0
737,23,female,non-single/single,highly skilled employee,1 - 4 years,rent,none,1,0 - 200 DM,< 100 DM,11560,24,car (used),existing credits paid back duly,1.0,1
738,35,male,single,unskilled employee,1 - 4 years,own,none,2,< 0 DM,100 - 500 DM,4380,18,car (new),existing credits paid back duly,3.0,0
739,45,male,single,highly skilled employee,4 - 7 years,own,none,2,no account,< 100 DM,6761,6,car (new),critical account/other credits existing (outside this bank),1.0,0
740,26,female,non-single/single,unskilled employee,1 - 4 years,rent,none,1,0 - 200 DM,100 - 500 DM,4280,30,business,no credits/paid back duly,4.0,1
741,32,male,single,skilled employee,4 - 7 years,own,none,1,< 0 DM,100 - 500 DM,2325,24,car (new),all credits at this bank paid back duly,2.0,0
742,23,male,single,unskilled employee,1 - 4 years,own,none,1,0 - 200 DM,< 100 DM,1048,10,radio/television,all credits at this bank paid back duly,4.0,0
743,41,male,single,skilled employee,> 7 years,own,none,1,no account,unknown/no savings,3160,21,radio/television,existing credits paid back duly,4.0,0
744,22,male,single,skilled employee,1 - 4 years,own,none,1,< 0 DM,"500 - 1,000 DM",2483,24,furniture/equipment,all credits at this bank paid back duly,4.0,0
745,30,male,single,highly skilled employee,4 - 7 years,own,none,1,< 0 DM,unknown/no savings,14179,39,furniture/equipment,critical account/other credits existing (outside this bank),4.0,0
746,28,male,single,unskilled employee,< 1 year,own,none,1,< 0 DM,< 100 DM,1797,13,business,critical account/other credits existing (outside this bank),3.0,0
747,23,female,non-single/single,skilled employee,unemployed,rent,none,1,< 0 DM,< 100 DM,2511,15,car (new),existing credits paid back duly,1.0,0
748,37,female,non-single/single,unskilled employee,< 1 year,own,none,1,< 0 DM,< 100 DM,1274,12,car (new),existing credits paid back duly,3.0,1
749,26,male,single,skilled employee,1 - 4 years,own,none,1,no account,unknown/no savings,5248,21,car (used),existing credits paid back duly,1.0,0
750,33,male,single,skilled employee,4 - 7 years,own,none,1,no account,< 100 DM,3029,15,car (used),existing credits paid back duly,2.0,0
751,49,female,non-single/single,skilled employee,> 7 years,own,none,1,< 0 DM,< 100 DM,428,6,furniture/equipment,existing credits paid back duly,2.0,0
752,23,female,non-single/single,unskilled employee,< 1 year,own,none,1,< 0 DM,< 100 DM,976,18,car (new),existing credits paid back duly,1.0,1
753,23,female,non-single/single,unskilled employee,4 - 7 years,rent,none,1,0 - 200 DM,100 - 500 DM,841,12,business,existing credits paid back duly,2.0,0
754,25,female,non-single/single,skilled employee,4 - 7 years,own,none,1,no account,< 100 DM,5771,30,radio/television,critical account/other credits existing (outside this bank),4.0,0
755,55,male,single,skilled employee,> 7 years,for free,none,2,no account,"> 1,000 DM",1555,12,repairs,delay paying off in the past,4.0,1
756,32,female,non-single/single,skilled employee,4 - 7 years,rent,none,1,< 0 DM,unknown/no savings,1285,24,car (new),existing credits paid back duly,4.0,1
757,74,male,single,unemployed,1 - 4 years,own,none,2,>= 200 DM,< 100 DM,1299,6,car (new),critical account/other credits existing (outside this bank),1.0,0
758,39,male,single,skilled employee,1 - 4 years,for free,none,1,>= 200 DM,unknown/no savings,1271,15,radio/television,critical account/other credits existing (outside this bank),3.0,1
759,31,male,single,skilled employee,1 - 4 years,own,gurantor,1,no account,< 100 DM,1393,24,car (new),existing credits paid back duly,2.0,0
760,35,male,single,skilled employee,> 7 years,own,none,1,< 0 DM,< 100 DM,691,12,car (new),critical account/other credits existing (outside this bank),4.0,1
761,59,female,non-single/single,skilled employee,> 7 years,own,none,1,no account,unknown/no savings,5045,15,car (new),critical account/other credits existing (outside this bank),1.0,0
762,24,female,non-single/single,skilled employee,1 - 4 years,rent,none,1,< 0 DM,< 100 DM,2124,18,furniture/equipment,critical account/other credits existing (outside this bank),4.0,1
763,24,male,single,unskilled employee,1 - 4 years,own,none,1,< 0 DM,< 100 DM,2214,12,radio/television,existing credits paid back duly,4.0,0
764,30,male,single,highly skilled employee,> 7 years,for free,none,1,no account,unknown/no savings,12680,21,car (new),critical account/other credits existing (outside this bank),4.0,1
765,27,male,married/widowed,skilled employee,4 - 7 years,own,none,1,no account,100 - 500 DM,2463,24,car (new),critical account/other credits existing (outside this bank),4.0,0
766,40,male,married/widowed,unskilled employee,> 7 years,own,gurantor,1,0 - 200 DM,< 100 DM,1155,12,radio/television,existing credits paid back duly,3.0,0
767,31,male,divorved/separated,unskilled employee,< 1 year,own,none,1,< 0 DM,< 100 DM,3108,30,furniture/equipment,existing credits paid back duly,2.0,1
768,31,female,non-single/single,skilled employee,< 1 year,rent,none,1,no account,unknown/no savings,2901,10,car (used),existing credits paid back duly,1.0,0
769,28,male,single,skilled employee,> 7 years,rent,none,1,0 - 200 DM,< 100 DM,3617,12,furniture/equipment,critical account/other credits existing (outside this bank),1.0,0
770,63,male,single,unskilled employee,> 7 years,own,none,1,no account,< 100 DM,1655,12,radio/television,critical account/other credits existing (outside this bank),2.0,0
771,26,female,non-single/single,skilled employee,> 7 years,rent,none,1,< 0 DM,unknown/no savings,2812,24,car (used),existing credits paid back duly,2.0,0
772,25,female,non-single/single,highly skilled employee,1 - 4 years,own,none,1,< 0 DM,< 100 DM,8065,36,education,critical account/other credits existing (outside this bank),3.0,1
773,36,male,single,highly skilled employee,> 7 years,own,none,1,no account,< 100 DM,3275,21,car (used),critical account/other credits existing (outside this bank),1.0,0
774,52,male,single,skilled employee,> 7 years,own,none,1,no account,100 - 500 DM,2223,24,radio/television,critical account/other credits existing (outside this bank),4.0,0
775,66,male,single,unemployed,unemployed,for free,none,1,>= 200 DM,"500 - 1,000 DM",1480,12,car (new),critical account/other credits existing (outside this bank),2.0,0
776,25,female,non-single/single,skilled employee,1 - 4 years,rent,none,1,< 0 DM,unknown/no savings,1371,24,car (new),existing credits paid back duly,4.0,1
777,37,male,single,skilled employee,4 - 7 years,own,none,1,no account,< 100 DM,3535,36,car (new),critical account/other credits existing (outside this bank),4.0,0
778,25,female,non-single/single,skilled employee,4 - 7 years,own,gurantor,1,< 0 DM,< 100 DM,3509,18,radio/television,existing credits paid back duly,4.0,0
779,38,male,single,highly skilled employee,> 7 years,own,none,1,no account,"> 1,000 DM",5711,36,car (used),critical account/other credits existing (outside this bank),4.0,0
780,67,female,non-single/single,skilled employee,unemployed,own,none,1,0 - 200 DM,< 100 DM,3872,18,repairs,existing credits paid back duly,2.0,0
781,25,male,single,skilled employee,4 - 7 years,own,gurantor,1,0 - 200 DM,< 100 DM,4933,39,radio/television,critical account/other credits existing (outside this bank),2.0,1
782,60,male,single,skilled employee,> 7 years,own,none,1,no account,"> 1,000 DM",1940,24,car (new),critical account/other credits existing (outside this bank),4.0,0
783,31,male,single,unskilled employee,1 - 4 years,own,none,1,0 - 200 DM,< 100 DM,1410,12,retraining,no credits/paid back duly,2.0,0
784,23,female,non-single/single,unskilled employee,< 1 year,own,none,1,0 - 200 DM,100 - 500 DM,836,12,car (new),existing credits paid back duly,4.0,1
785,60,male,divorved/separated,highly skilled employee,unemployed,own,none,1,0 - 200 DM,unknown/no savings,6468,20,car (used),existing credits paid back duly,1.0,0
786,35,male,single,unskilled employee,1 - 4 years,own,none,1,0 - 200 DM,"> 1,000 DM",1941,18,business,existing credits paid back duly,4.0,0
787,40,male,single,skilled employee,> 7 years,own,none,1,no account,"500 - 1,000 DM",2675,22,radio/television,existing credits paid back duly,3.0,0
788,38,male,single,skilled employee,> 7 years,own,none,2,no account,unknown/no savings,2751,48,car (used),critical account/other credits existing (outside this bank),4.0,0
789,50,male,single,skilled employee,> 7 years,for free,none,1,0 - 200 DM,< 100 DM,6224,48,education,delay paying off in the past,4.0,1
790,27,male,single,skilled employee,1 - 4 years,own,none,1,< 0 DM,< 100 DM,5998,40,education,critical account/other credits existing (outside this bank),4.0,1
791,39,female,non-single/single,skilled employee,> 7 years,own,none,2,0 - 200 DM,< 100 DM,1188,21,business,existing credits paid back duly,2.0,1
792,41,male,single,highly skilled employee,> 7 years,own,none,2,no account,unknown/no savings,6313,24,car (used),existing credits paid back duly,3.0,0
793,27,male,married/widowed,skilled employee,1 - 4 years,own,none,1,no account,unknown/no savings,1221,6,furniture/equipment,critical account/other credits existing (outside this bank),1.0,0
794,51,male,divorved/separated,skilled employee,> 7 years,for free,none,1,>= 200 DM,< 100 DM,2892,24,furniture/equipment,existing credits paid back duly,3.0,0
795,32,male,single,skilled employee,> 7 years,rent,none,1,no account,"500 - 1,000 DM",3062,24,furniture/equipment,existing credits paid back duly,4.0,0
796,22,female,non-single/single,skilled employee,< 1 year,rent,none,1,no account,100 - 500 DM,2301,9,furniture/equipment,existing credits paid back duly,2.0,0
797,51,male,single,skilled employee,> 7 years,for free,none,2,< 0 DM,unknown/no savings,7511,18,car (used),existing credits paid back duly,1.0,1
798,22,female,non-single/single,unskilled employee,< 1 year,rent,none,1,no account,< 100 DM,1258,12,furniture/equipment,critical account/other credits existing (outside this bank),2.0,0
799,54,male,married/widowed,skilled employee,> 7 years,own,none,1,no account,unknown/no savings,717,24,car (new),delay paying off in the past,4.0,0
800,35,male,single,unemployed,< 1 year,own,none,1,0 - 200 DM,unknown/no savings,1549,9,car (new),existing credits paid back duly,4.0,0
801,54,male,single,skilled employee,> 7 years,for free,none,2,no account,< 100 DM,1597,24,education,critical account/other credits existing (outside this bank),4.0,0
802,48,female,non-single/single,unskilled employee,> 7 years,rent,gurantor,1,0 - 200 DM,< 100 DM,1795,18,radio/television,critical account/other credits existing (outside this bank),3.0,0
803,24,female,non-single/single,skilled employee,> 7 years,own,none,1,< 0 DM,< 100 DM,4272,20,furniture/equipment,critical account/other credits existing (outside this bank),1.0,0
804,35,male,single,skilled employee,> 7 years,own,none,1,no account,unknown/no savings,976,12,radio/television,critical account/other credits existing (outside this bank),4.0,0
805,24,female,non-single/single,unemployed,unemployed,rent,none,1,0 - 200 DM,unknown/no savings,7472,12,car (new),existing credits paid back duly,1.0,0
806,24,male,single,skilled employee,4 - 7 years,own,none,1,< 0 DM,< 100 DM,9271,36,car (new),existing credits paid back duly,2.0,1
807,26,male,married/widowed,unskilled employee,< 1 year,own,none,1,0 - 200 DM,< 100 DM,590,6,radio/television,existing credits paid back duly,3.0,0
808,65,male,single,skilled employee,> 7 years,own,none,1,no account,unknown/no savings,930,12,radio/television,critical account/other credits existing (outside this bank),4.0,0
809,55,male,single,highly skilled employee,unemployed,for free,none,1,0 - 200 DM,< 100 DM,9283,42,car (used),all credits at this bank paid back duly,1.0,0
810,26,female,non-single/single,unemployed,< 1 year,rent,none,1,0 - 200 DM,< 100 DM,1778,15,car (new),no credits/paid back duly,2.0,1
811,26,male,married/widowed,skilled employee,< 1 year,own,none,1,0 - 200 DM,< 100 DM,907,8,business,existing credits paid back duly,3.0,0
812,28,male,married/widowed,unskilled employee,4 - 7 years,own,gurantor,1,0 - 200 DM,< 100 DM,484,6,radio/television,existing credits paid back duly,3.0,0
813,24,male,single,skilled employee,4 - 7 years,own,none,1,< 0 DM,< 100 DM,9629,36,car (used),critical account/other credits existing (outside this bank),4.0,1
814,54,male,single,skilled employee,1 - 4 years,own,none,1,< 0 DM,< 100 DM,3051,48,domestic appliance,existing credits paid back duly,3.0,1
815,46,male,single,skilled employee,4 - 7 years,for free,none,2,< 0 DM,< 100 DM,3931,48,car (new),existing credits paid back duly,4.0,1
816,54,female,non-single/single,skilled employee,1 - 4 years,rent,none,1,0 - 200 DM,< 100 DM,7432,36,car (new),delay paying off in the past,2.0,0
817,62,male,divorved/separated,skilled employee,1 - 4 years,own,none,1,no account,"500 - 1,000 DM",1338,6,domestic appliance,existing credits paid back duly,1.0,0
818,24,female,non-single/single,skilled employee,4 - 7 years,rent,none,1,no account,< 100 DM,1554,6,radio/television,critical account/other credits existing (outside this bank),1.0,0
819,43,male,divorved/separated,highly skilled employee,unemployed,own,co-applicant,1,< 0 DM,< 100 DM,15857,36,other,existing credits paid back duly,2.0,0
820,26,male,married/widowed,skilled employee,1 - 4 years,own,none,1,< 0 DM,< 100 DM,1345,18,radio/television,existing credits paid back duly,4.0,1
821,27,male,married/widowed,skilled employee,1 - 4 years,own,none,1,no account,< 100 DM,1101,12,car (new),existing credits paid back duly,3.0,0
822,24,male,married/widowed,skilled employee,1 - 4 years,own,none,1,>= 200 DM,< 100 DM,3016,12,radio/television,existing credits paid back duly,3.0,0
823,41,male,single,skilled employee,> 7 years,own,none,2,< 0 DM,< 100 DM,2712,36,furniture/equipment,existing credits paid back duly,2.0,1
824,47,male,single,unskilled employee,> 7 years,own,none,1,< 0 DM,< 100 DM,731,8,car (new),critical account/other credits existing (outside this bank),4.0,0
825,35,male,divorved/separated,highly skilled employee,< 1 year,own,none,1,no account,< 100 DM,3780,18,furniture/equipment,critical account/other credits existing (outside this bank),3.0,0
826,30,male,married/widowed,skilled employee,> 7 years,own,none,1,< 0 DM,< 100 DM,1602,21,car (new),critical account/other credits existing (outside this bank),4.0,0
827,33,female,non-single/single,skilled employee,> 7 years,rent,none,1,< 0 DM,< 100 DM,3966,18,car (new),critical account/other credits existing (outside this bank),1.0,1
828,36,male,single,skilled employee,1 - 4 years,own,none,2,no account,< 100 DM,4165,18,business,no credits/paid back duly,2.0,1
829,47,male,single,skilled employee,> 7 years,for free,none,1,< 0 DM,unknown/no savings,8335,36,car (used),existing credits paid back duly,3.0,1
830,38,male,single,skilled employee,1 - 4 years,for free,none,2,0 - 200 DM,unknown/no savings,6681,48,business,delay paying off in the past,4.0,0
831,44,male,single,skilled employee,1 - 4 years,own,none,2,no account,"500 - 1,000 DM",2375,24,business,delay paying off in the past,4.0,0
832,23,female,non-single/single,skilled employee,< 1 year,rent,none,1,< 0 DM,< 100 DM,1216,18,car (new),existing credits paid back duly,4.0,1
833,29,male,single,skilled employee,> 7 years,rent,none,1,< 0 DM,< 100 DM,11816,45,business,no credits/paid back duly,2.0,1
834,42,female,non-single/single,skilled employee,> 7 years,own,none,1,0 - 200 DM,unknown/no savings,5084,24,radio/television,existing credits paid back duly,2.0,0
835,25,female,non-single/single,unskilled employee,< 1 year,own,none,1,>= 200 DM,< 100 DM,2327,15,radio/television,existing credits paid back duly,2.0,1
836,48,male,single,skilled employee,1 - 4 years,own,none,1,< 0 DM,< 100 DM,1082,12,car (new),no credits/paid back duly,4.0,1
837,21,female,non-single/single,skilled employee,1 - 4 years,own,none,1,no account,unknown/no savings,886,12,radio/television,existing credits paid back duly,4.0,0
838,23,female,non-single/single,unskilled employee,< 1 year,rent,none,2,no account,< 100 DM,601,4,furniture/equipment,existing credits paid back duly,1.0,0
839,63,male,single,skilled employee,> 7 years,own,none,1,< 0 DM,< 100 DM,2957,24,car (used),critical account/other credits existing (outside this bank),4.0,0
840,46,male,married/widowed,skilled employee,> 7 years,own,co-applicant,1,no account,< 100 DM,2611,24,radio/television,critical account/other credits existing (outside this bank),4.0,0
841,29,male,single,skilled employee,4 - 7 years,own,none,1,< 0 DM,< 100 DM,5179,36,furniture/equipment,existing credits paid back duly,4.0,1
842,28,male,single,unskilled employee,1 - 4 years,own,none,1,no account,< 100 DM,2993,21,car (used),delay paying off in the past,3.0,0
843,23,female,non-single/single,skilled employee,< 1 year,own,none,1,no account,< 100 DM,1943,18,repairs,existing credits paid back duly,4.0,1
844,50,male,single,skilled employee,4 - 7 years,own,none,1,no account,< 100 DM,1559,24,business,all credits at this bank paid back duly,4.0,0
845,47,male,single,skilled employee,> 7 years,own,none,2,no account,< 100 DM,3422,18,furniture/equipment,existing credits paid back duly,4.0,0
846,35,male,single,skilled employee,4 - 7 years,own,none,1,0 - 200 DM,unknown/no savings,3976,21,furniture/equipment,existing credits paid back duly,2.0,0
847,68,male,single,skilled employee,1 - 4 years,rent,none,1,no account,unknown/no savings,6761,18,car (new),existing credits paid back duly,2.0,1
848,28,male,married/widowed,skilled employee,< 1 year,own,none,1,no account,< 100 DM,1249,24,car (new),existing credits paid back duly,4.0,0
849,59,male,single,skilled employee,4 - 7 years,own,none,1,< 0 DM,< 100 DM,1364,9,radio/television,existing credits paid back duly,3.0,0
850,57,male,single,unskilled employee,> 7 years,own,none,1,< 0 DM,< 100 DM,709,12,radio/television,existing credits paid back duly,4.0,1
851,33,male,married/widowed,skilled employee,1 - 4 years,rent,gurantor,1,< 0 DM,< 100 DM,2235,20,car (new),critical account/other credits existing (outside this bank),4.0,1
852,43,male,single,skilled employee,4 - 7 years,own,none,1,no account,unknown/no savings,4042,24,car (used),critical account/other credits existing (outside this bank),3.0,0
853,35,male,single,skilled employee,1 - 4 years,for free,none,1,no account,< 100 DM,1471,15,radio/television,critical account/other credits existing (outside this bank),4.0,0
854,32,male,single,unskilled employee,4 - 7 years,for free,none,2,< 0 DM,< 100 DM,1442,18,car (new),all credits at this bank paid back duly,4.0,1
855,45,male,single,skilled employee,> 7 years,own,none,2,no account,< 100 DM,10875,36,car (new),delay paying off in the past,2.0,0
856,33,male,married/widowed,skilled employee,< 1 year,own,none,1,no account,100 - 500 DM,1474,24,car (new),existing credits paid back duly,4.0,0
857,40,female,non-single/single,skilled employee,4 - 7 years,own,none,1,no account,unknown/no savings,894,10,retraining,existing credits paid back duly,4.0,0
858,28,male,single,skilled employee,1 - 4 years,for free,none,1,no account,< 100 DM,3343,15,furniture/equipment,critical account/other credits existing (outside this bank),4.0,0
859,29,female,non-single/single,skilled employee,1 - 4 years,own,none,1,< 0 DM,< 100 DM,3959,15,car (new),existing credits paid back duly,3.0,1
860,26,male,single,skilled employee,1 - 4 years,rent,gurantor,2,no account,100 - 500 DM,3577,9,car (new),existing credits paid back duly,1.0,0
861,27,male,single,skilled employee,1 - 4 years,own,none,1,no account,"> 1,000 DM",5804,24,car (used),critical account/other credits existing (outside this bank),4.0,0
862,28,male,married/widowed,skilled employee,1 - 4 years,own,none,1,no account,< 100 DM,2169,18,business,delay paying off in the past,4.0,1
863,35,female,non-single/single,skilled employee,< 1 year,own,none,1,< 0 DM,< 100 DM,2439,24,radio/television,existing credits paid back duly,4.0,1
864,32,male,single,unskilled employee,< 1 year,own,none,2,no account,"> 1,000 DM",4526,27,furniture/equipment,critical account/other credits existing (outside this bank),4.0,0
865,25,male,single,unskilled employee,1 - 4 years,rent,none,1,no account,< 100 DM,2210,10,furniture/equipment,existing credits paid back duly,2.0,1
866,20,female,non-single/single,skilled employee,1 - 4 years,rent,none,1,no account,"500 - 1,000 DM",2221,15,furniture/equipment,existing credits paid back duly,2.0,0
867,27,female,non-single/single,skilled employee,< 1 year,own,none,1,< 0 DM,< 100 DM,2389,18,radio/television,existing credits paid back duly,4.0,0
868,42,male,single,skilled employee,> 7 years,own,none,1,no account,< 100 DM,3331,12,furniture/equipment,critical account/other credits existing (outside this bank),2.0,0
869,37,male,single,skilled employee,> 7 years,own,none,1,no account,unknown/no savings,7409,36,business,existing credits paid back duly,3.0,0
870,24,female,non-single/single,skilled employee,> 7 years,rent,none,1,< 0 DM,< 100 DM,652,12,furniture/equipment,existing credits paid back duly,4.0,0
871,40,female,non-single/single,skilled employee,4 - 7 years,own,none,1,no account,"500 - 1,000 DM",7678,36,furniture/equipment,delay paying off in the past,2.0,0
872,46,male,single,skilled employee,> 7 years,own,none,2,>= 200 DM,< 100 DM,1343,6,car (new),critical account/other credits existing (outside this bank),1.0,0
873,26,male,single,skilled employee,4 - 7 years,own,none,1,< 0 DM,100 - 500 DM,1382,24,business,critical account/other credits existing (outside this bank),4.0,0
874,24,female,non-single/single,skilled employee,< 1 year,own,none,1,no account,unknown/no savings,874,15,domestic appliance,existing credits paid back duly,4.0,0
875,29,male,single,unskilled employee,1 - 4 years,own,co-applicant,2,< 0 DM,< 100 DM,3590,12,furniture/equipment,existing credits paid back duly,2.0,0
876,40,female,non-single/single,skilled employee,1 - 4 years,own,none,1,0 - 200 DM,"> 1,000 DM",1322,11,car (new),critical account/other credits existing (outside this bank),4.0,0
877,36,male,single,highly skilled employee,< 1 year,for free,co-applicant,1,< 0 DM,< 100 DM,1940,18,radio/television,all credits at this bank paid back duly,3.0,0
878,28,male,single,skilled employee,> 7 years,own,none,1,no account,< 100 DM,3595,36,radio/television,existing credits paid back duly,4.0,0
879,27,male,single,highly skilled employee,< 1 year,for free,none,1,< 0 DM,< 100 DM,1422,9,car (new),existing credits paid back duly,3.0,1
880,36,male,single,skilled employee,4 - 7 years,own,none,1,no account,unknown/no savings,6742,30,radio/television,critical account/other credits existing (outside this bank),2.0,0
881,38,male,single,highly skilled employee,4 - 7 years,own,none,1,no account,< 100 DM,7814,24,car (used),existing credits paid back duly,3.0,0
882,48,male,divorved/separated,skilled employee,1 - 4 years,for free,none,1,no account,unknown/no savings,9277,24,car (used),existing credits paid back duly,2.0,0
883,36,male,single,skilled employee,> 7 years,own,none,1,0 - 200 DM,unknown/no savings,2181,30,car (new),critical account/other credits existing (outside this bank),4.0,0
884,65,female,non-single/single,unemployed,unemployed,own,none,1,no account,< 100 DM,1098,18,radio/television,critical account/other credits existing (outside this bank),4.0,0
885,43,male,divorved/separated,skilled employee,4 - 7 years,own,none,1,0 - 200 DM,< 100 DM,4057,24,furniture/equipment,existing credits paid back duly,3.0,1
886,53,female,non-single/single,skilled employee,< 1 year,own,none,1,< 0 DM,< 100 DM,795,12,education,existing credits paid back duly,4.0,1
887,34,male,single,skilled employee,4 - 7 years,own,none,2,0 - 200 DM,unknown/no savings,2825,24,business,critical account/other credits existing (outside this bank),4.0,0
888,23,male,single,skilled employee,1 - 4 years,own,none,1,0 - 200 DM,< 100 DM,15672,48,business,existing credits paid back duly,2.0,1
889,34,male,single,highly skilled employee,> 7 years,own,none,1,no account,< 100 DM,6614,36,car (new),critical account/other credits existing (outside this bank),4.0,0
890,40,male,single,skilled employee,< 1 year,rent,gurantor,2,no account,unknown/no savings,7824,28,car (used),all credits at this bank paid back duly,3.0,0
891,43,male,single,highly skilled employee,> 7 years,own,none,2,< 0 DM,< 100 DM,2442,27,business,critical account/other credits existing (outside this bank),4.0,0
892,46,male,single,skilled employee,> 7 years,own,none,1,no account,< 100 DM,1829,15,radio/television,critical account/other credits existing (outside this bank),4.0,0
893,38,male,single,unskilled employee,1 - 4 years,own,none,1,< 0 DM,< 100 DM,2171,12,car (new),critical account/other credits existing (outside this bank),4.0,0
894,34,male,single,skilled employee,1 - 4 years,own,none,1,0 - 200 DM,< 100 DM,5800,36,car (used),critical account/other credits existing (outside this bank),3.0,0
895,29,male,single,skilled employee,1 - 4 years,own,none,1,no account,unknown/no savings,1169,18,radio/television,critical account/other credits existing (outside this bank),4.0,0
896,31,male,single,highly skilled employee,4 - 7 years,own,none,2,no account,unknown/no savings,8947,36,car (used),delay paying off in the past,3.0,0
897,28,female,non-single/single,highly skilled employee,< 1 year,rent,none,1,< 0 DM,< 100 DM,2606,21,radio/television,existing credits paid back duly,4.0,0
898,35,female,non-single/single,skilled employee,4 - 7 years,own,none,1,no account,"> 1,000 DM",1592,12,furniture/equipment,critical account/other credits existing (outside this bank),3.0,0
899,33,female,non-single/single,unskilled employee,4 - 7 years,rent,none,1,no account,unknown/no savings,2186,15,furniture/equipment,existing credits paid back duly,1.0,0
900,42,male,single,skilled employee,1 - 4 years,own,co-applicant,1,< 0 DM,< 100 DM,4153,18,furniture/equipment,existing credits paid back duly,2.0,1
901,43,male,single,skilled employee,> 7 years,rent,gurantor,1,< 0 DM,< 100 DM,2625,16,car (new),critical account/other credits existing (outside this bank),2.0,1
902,44,male,divorved/separated,skilled employee,< 1 year,own,none,1,no account,unknown/no savings,3485,20,car (new),critical account/other credits existing (outside this bank),2.0,0
903,42,male,single,skilled employee,> 7 years,for free,none,1,no account,unknown/no savings,10477,36,car (used),critical account/other credits existing (outside this bank),2.0,0
904,40,male,married/widowed,skilled employee,1 - 4 years,rent,none,1,no account,unknown/no savings,1386,15,radio/television,existing credits paid back duly,4.0,0
905,36,male,single,highly skilled employee,> 7 years,own,none,1,no account,< 100 DM,1278,24,radio/television,existing credits paid back duly,4.0,0
906,20,male,single,highly skilled employee,1 - 4 years,rent,none,2,< 0 DM,< 100 DM,1107,12,radio/television,existing credits paid back duly,2.0,0
907,24,male,single,unskilled employee,4 - 7 years,own,co-applicant,1,< 0 DM,unknown/no savings,3763,21,car (new),existing credits paid back duly,2.0,0
908,27,male,married/widowed,skilled employee,1 - 4 years,own,none,1,0 - 200 DM,unknown/no savings,3711,36,education,existing credits paid back duly,2.0,0
909,46,female,non-single/single,unskilled employee,< 1 year,own,none,1,no account,< 100 DM,3594,15,car (used),delay paying off in the past,1.0,0
910,33,female,non-single/single,unskilled employee,1 - 4 years,own,none,1,0 - 200 DM,unknown/no savings,3195,9,car (new),existing credits paid back duly,1.0,0
911,34,female,non-single/single,skilled employee,1 - 4 years,own,none,1,no account,< 100 DM,4454,36,radio/television,delay paying off in the past,4.0,0
912,25,female,non-single/single,unskilled employee,< 1 year,own,none,1,0 - 200 DM,< 100 DM,4736,24,furniture/equipment,critical account/other credits existing (outside this bank),2.0,1
913,25,female,non-single/single,skilled employee,> 7 years,own,none,1,0 - 200 DM,unknown/no savings,2991,30,radio/television,existing credits paid back duly,2.0,0
914,28,male,divorved/separated,skilled employee,> 7 years,own,none,1,no account,"> 1,000 DM",2142,11,business,existing credits paid back duly,1.0,0
915,31,male,single,skilled employee,1 - 4 years,rent,none,1,< 0 DM,< 100 DM,3161,24,business,all credits at this bank paid back duly,4.0,1
916,32,female,non-single/single,highly skilled employee,1 - 4 years,own,none,1,0 - 200 DM,< 100 DM,18424,48,other,no credits/paid back duly,1.0,1
917,32,male,single,skilled employee,1 - 4 years,own,co-applicant,2,no account,100 - 500 DM,2848,10,car (used),existing credits paid back duly,1.0,0
918,68,male,single,highly skilled employee,> 7 years,own,none,1,< 0 DM,< 100 DM,14896,6,car (new),existing credits paid back duly,1.0,1
919,33,male,divorved/separated,skilled employee,unemployed,own,none,1,< 0 DM,100 - 500 DM,2359,24,furniture/equipment,existing credits paid back duly,1.0,1
920,39,male,single,highly skilled employee,> 7 years,rent,none,1,< 0 DM,< 100 DM,3345,24,furniture/equipment,existing credits paid back duly,4.0,1
921,28,female,non-single/single,skilled employee,1 - 4 years,own,none,1,no account,< 100 DM,1817,18,furniture/equipment,critical account/other credits existing (outside this bank),4.0,0
922,37,male,single,highly skilled employee,4 - 7 years,own,none,1,no account,"500 - 1,000 DM",12749,48,radio/television,delay paying off in the past,4.0,0
923,22,female,non-single/single,skilled employee,< 1 year,rent,none,1,< 0 DM,< 100 DM,1366,9,radio/television,existing credits paid back duly,3.0,1
924,30,male,single,skilled employee,4 - 7 years,rent,none,2,0 - 200 DM,< 100 DM,2002,12,car (new),existing credits paid back duly,3.0,0
925,55,male,divorved/separated,skilled employee,< 1 year,own,none,1,< 0 DM,< 100 DM,6872,24,furniture/equipment,all credits at this bank paid back duly,2.0,1
926,46,male,single,skilled employee,< 1 year,own,none,1,< 0 DM,< 100 DM,697,12,car (new),all credits at this bank paid back duly,4.0,1
927,21,female,non-single/single,skilled employee,< 1 year,rent,none,1,< 0 DM,< 100 DM,1049,18,furniture/equipment,critical account/other credits existing (outside this bank),4.0,0
928,39,male,single,skilled employee,4 - 7 years,for free,none,2,< 0 DM,< 100 DM,10297,48,car (used),existing credits paid back duly,4.0,1
929,58,male,single,skilled employee,> 7 years,own,none,1,no account,unknown/no savings,1867,30,radio/television,existing credits paid back duly,4.0,0
930,43,male,single,unskilled employee,1 - 4 years,own,none,2,< 0 DM,< 100 DM,1344,12,car (new),delay paying off in the past,4.0,0
931,24,male,single,unskilled employee,< 1 year,own,co-applicant,1,< 0 DM,< 100 DM,1747,24,furniture/equipment,existing credits paid back duly,4.0,0
932,22,female,non-single/single,skilled employee,< 1 year,own,none,1,0 - 200 DM,< 100 DM,1670,9,radio/television,existing credits paid back duly,4.0,1
933,30,male,single,skilled employee,1 - 4 years,own,none,1,no account,< 100 DM,1224,9,car (new),critical account/other credits existing (outside this bank),3.0,0
934,42,male,single,skilled employee,> 7 years,own,none,2,no account,"500 - 1,000 DM",522,12,radio/television,critical account/other credits existing (outside this bank),4.0,0
935,23,female,non-single/single,skilled employee,1 - 4 years,own,none,1,< 0 DM,< 100 DM,1498,12,radio/television,existing credits paid back duly,4.0,0
936,30,male,single,highly skilled employee,< 1 year,own,none,1,0 - 200 DM,100 - 500 DM,1919,30,radio/television,delay paying off in the past,4.0,1
937,28,female,non-single/single,unskilled employee,1 - 4 years,own,none,1,>= 200 DM,< 100 DM,745,9,radio/television,existing credits paid back duly,3.0,1
938,30,male,married/widowed,highly skilled employee,< 1 year,rent,none,1,0 - 200 DM,< 100 DM,2063,6,radio/television,existing credits paid back duly,4.0,0
939,42,male,single,skilled employee,1 - 4 years,for free,none,1,0 - 200 DM,< 100 DM,6288,60,education,existing credits paid back duly,4.0,1
940,46,male,single,highly skilled employee,1 - 4 years,own,none,2,no account,unknown/no savings,6842,24,car (used),critical account/other credits existing (outside this bank),2.0,0
941,45,male,single,highly skilled employee,< 1 year,own,none,2,no account,unknown/no savings,3527,12,car (new),existing credits paid back duly,2.0,0
942,31,male,single,unskilled employee,1 - 4 years,own,none,2,no account,< 100 DM,1546,10,car (new),existing credits paid back duly,3.0,0
943,31,male,single,skilled employee,4 - 7 years,own,none,1,no account,unknown/no savings,929,24,furniture/equipment,existing credits paid back duly,4.0,0
944,42,male,single,unskilled employee,4 - 7 years,own,none,2,no account,< 100 DM,1455,4,car (new),critical account/other credits existing (outside this bank),2.0,0
945,46,female,non-single/single,skilled employee,< 1 year,rent,gurantor,1,< 0 DM,< 100 DM,1845,15,furniture/equipment,existing credits paid back duly,4.0,0
946,30,female,non-single/single,skilled employee,< 1 year,own,none,1,0 - 200 DM,"500 - 1,000 DM",8358,48,car (new),no credits/paid back duly,1.0,0
947,30,male,single,skilled employee,< 1 year,for free,none,2,< 0 DM,"500 - 1,000 DM",3349,24,furniture/equipment,all credits at this bank paid back duly,4.0,1
948,38,male,single,highly skilled employee,unemployed,own,none,1,no account,unknown/no savings,2859,12,car (new),existing credits paid back duly,4.0,0
949,43,male,married/widowed,unskilled employee,< 1 year,own,co-applicant,2,no account,< 100 DM,1533,18,furniture/equipment,existing credits paid back duly,4.0,1
950,31,male,single,skilled employee,> 7 years,own,none,1,no account,100 - 500 DM,3621,24,radio/television,existing credits paid back duly,2.0,1
951,40,male,married/widowed,unemployed,unemployed,own,none,2,0 - 200 DM,< 100 DM,3590,18,business,critical account/other credits existing (outside this bank),3.0,0
952,24,male,single,skilled employee,4 - 7 years,own,none,1,< 0 DM,< 100 DM,2145,36,business,delay paying off in the past,2.0,1
953,28,female,non-single/single,skilled employee,< 1 year,rent,none,1,0 - 200 DM,"500 - 1,000 DM",4113,24,car (used),existing credits paid back duly,3.0,1
954,26,female,non-single/single,highly skilled employee,unemployed,own,none,1,no account,< 100 DM,10974,36,furniture/equipment,existing credits paid back duly,4.0,1
955,29,female,non-single/single,skilled employee,1 - 4 years,own,gurantor,1,< 0 DM,< 100 DM,1893,12,car (new),existing credits paid back duly,4.0,0
956,57,female,non-single/single,highly skilled employee,> 7 years,rent,none,1,< 0 DM,"> 1,000 DM",1231,24,radio/television,critical account/other credits existing (outside this bank),4.0,0
957,49,male,single,unskilled employee,> 7 years,own,none,1,>= 200 DM,unknown/no savings,3656,30,radio/television,critical account/other credits existing (outside this bank),4.0,0
958,37,male,single,unskilled employee,> 7 years,own,none,1,0 - 200 DM,< 100 DM,1154,9,radio/television,critical account/other credits existing (outside this bank),2.0,0
959,45,male,single,unskilled employee,1 - 4 years,own,none,1,< 0 DM,< 100 DM,4006,28,car (new),existing credits paid back duly,3.0,1
960,30,male,single,skilled employee,> 7 years,for free,none,1,0 - 200 DM,100 - 500 DM,3069,24,furniture/equipment,existing credits paid back duly,4.0,0
961,30,male,married/widowed,skilled employee,> 7 years,rent,none,1,no account,< 100 DM,1740,6,radio/television,critical account/other credits existing (outside this bank),2.0,0
962,47,male,divorved/separated,skilled employee,1 - 4 years,own,none,1,0 - 200 DM,< 100 DM,2353,21,car (new),delay paying off in the past,1.0,0
963,29,male,single,skilled employee,1 - 4 years,own,none,1,no account,unknown/no savings,3556,15,car (new),existing credits paid back duly,3.0,0
964,35,male,single,skilled employee,> 7 years,own,none,1,no account,"500 - 1,000 DM",2397,24,radio/television,existing credits paid back duly,3.0,1
965,22,male,married/widowed,unskilled employee,< 1 year,own,none,1,0 - 200 DM,< 100 DM,454,6,repairs,existing credits paid back duly,3.0,0
966,26,female,non-single/single,skilled employee,1 - 4 years,own,none,1,0 - 200 DM,unknown/no savings,1715,30,radio/television,existing credits paid back duly,4.0,0
967,23,male,single,unskilled employee,1 - 4 years,own,none,1,0 - 200 DM,"500 - 1,000 DM",2520,27,radio/television,critical account/other credits existing (outside this bank),4.0,1
968,54,female,non-single/single,highly skilled employee,> 7 years,rent,none,1,no account,< 100 DM,3568,15,radio/television,existing credits paid back duly,4.0,0
969,29,male,married/widowed,skilled employee,4 - 7 years,rent,none,1,no account,unknown/no savings,7166,42,radio/television,existing credits paid back duly,2.0,0
970,40,male,single,unskilled employee,1 - 4 years,own,none,2,< 0 DM,< 100 DM,3939,11,car (new),critical account/other credits existing (outside this bank),1.0,0
971,22,male,single,skilled employee,1 - 4 years,own,gurantor,1,0 - 200 DM,100 - 500 DM,1514,15,repairs,existing credits paid back duly,4.0,0
972,43,male,single,unskilled employee,1 - 4 years,own,none,2,no account,< 100 DM,7393,24,car (new),existing credits paid back duly,1.0,0
973,29,female,non-single/single,unemployed,unemployed,rent,co-applicant,1,< 0 DM,< 100 DM,1193,24,car (new),all credits at this bank paid back duly,1.0,1
974,36,male,single,skilled employee,> 7 years,rent,co-applicant,1,< 0 DM,< 100 DM,7297,60,business,existing credits paid back duly,4.0,1
975,33,female,non-single/single,skilled employee,1 - 4 years,own,none,1,no account,< 100 DM,2831,30,radio/television,critical account/other credits existing (outside this bank),4.0,0
976,57,female,non-single/single,unskilled employee,1 - 4 years,own,none,1,>= 200 DM,"500 - 1,000 DM",1258,24,radio/television,existing credits paid back duly,3.0,0
977,64,female,non-single/single,skilled employee,1 - 4 years,own,gurantor,1,0 - 200 DM,< 100 DM,753,6,radio/television,existing credits paid back duly,2.0,0
978,42,male,single,skilled employee,> 7 years,own,none,1,0 - 200 DM,unknown/no savings,2427,18,business,delay paying off in the past,4.0,0
979,47,male,single,unskilled employee,> 7 years,own,none,2,no account,< 100 DM,2538,24,car (new),delay paying off in the past,4.0,1
980,25,male,married/widowed,skilled employee,1 - 4 years,rent,none,1,0 - 200 DM,100 - 500 DM,1264,15,car (new),all credits at this bank paid back duly,2.0,1
981,49,male,single,skilled employee,4 - 7 years,own,none,1,0 - 200 DM,< 100 DM,8386,30,furniture/equipment,critical account/other credits existing (outside this bank),2.0,1
982,33,male,single,highly skilled employee,unemployed,rent,none,1,no account,< 100 DM,4844,48,business,existing credits paid back duly,3.0,1
983,28,female,non-single/single,highly skilled employee,1 - 4 years,own,none,1,>= 200 DM,100 - 500 DM,2923,21,car (new),existing credits paid back duly,1.0,0
984,26,male,single,skilled employee,1 - 4 years,own,none,2,< 0 DM,< 100 DM,8229,36,car (used),existing credits paid back duly,2.0,1
985,30,male,single,unskilled employee,4 - 7 years,own,none,1,no account,< 100 DM,2028,24,furniture/equipment,critical account/other credits existing (outside this bank),2.0,0
986,25,female,non-single/single,skilled employee,1 - 4 years,rent,none,1,< 0 DM,< 100 DM,1433,15,furniture/equipment,critical account/other credits existing (outside this bank),4.0,0
987,33,male,divorved/separated,skilled employee,< 1 year,own,none,1,>= 200 DM,< 100 DM,6289,42,business,no credits/paid back duly,2.0,0
988,64,female,non-single/single,skilled employee,unemployed,own,none,1,no account,100 - 500 DM,1409,13,radio/television,existing credits paid back duly,2.0,0
989,29,male,single,highly skilled employee,unemployed,for free,none,1,< 0 DM,< 100 DM,6579,24,car (used),existing credits paid back duly,4.0,0
990,48,male,single,unskilled employee,> 7 years,own,none,1,0 - 200 DM,< 100 DM,1743,24,radio/television,critical account/other credits existing (outside this bank),4.0,0
991,37,male,single,unskilled employee,< 1 year,own,none,2,no account,unknown/no savings,3565,12,education,critical account/other credits existing (outside this bank),2.0,0
992,34,male,single,unskilled employee,> 7 years,own,none,2,no account,100 - 500 DM,1569,15,radio/television,all credits at this bank paid back duly,4.0,0
993,23,male,married/widowed,unskilled employee,4 - 7 years,rent,none,1,< 0 DM,unknown/no savings,1936,18,radio/television,existing credits paid back duly,2.0,0
994,30,male,single,highly skilled employee,unemployed,own,none,1,< 0 DM,< 100 DM,3959,36,furniture/equipment,existing credits paid back duly,4.0,0
995,50,male,single,skilled employee,> 7 years,own,none,1,no account,unknown/no savings,2390,12,car (new),existing credits paid back duly,4.0,0
996,31,female,non-single/single,unskilled employee,4 - 7 years,own,none,1,no account,< 100 DM,1736,12,furniture/equipment,existing credits paid back duly,3.0,0
997,40,male,divorved/separated,highly skilled employee,1 - 4 years,own,none,1,< 0 DM,< 100 DM,3857,30,car (used),existing credits paid back duly,4.0,0
998,38,male,single,skilled employee,> 7 years,own,none,1,no account,< 100 DM,804,12,radio/television,existing credits paid back duly,4.0,0
999,23,male,single,skilled employee,1 - 4 years,for free,none,1,< 0 DM,< 100 DM,1845,45,radio/television,existing credits paid back duly,4.0,1
1000,27,male,single,skilled employee,unemployed,own,none,1,0 - 200 DM,100 - 500 DM,4576,45,car (used),critical account/other credits existing (outside this bank),3.0,0
